,14.9_top_x,14.9_top_y,14.9_bottom_x,14.9_bottom_y
0,4.5,61.5,4.5,-43.5
1,9.0,54.76934582967966,9.0,-36.76934582967966
2,13.5,48.84019678321486,13.5,-30.840196783214857
3,18.0,43.666112704821764,18.0,-25.666112704821764
4,22.5,39.20065343871656,22.5,-21.200653438716557
5,27.0,35.3973788291154,27.0,-17.3973788291154
6,31.5,32.20984872023443,31.5,-14.209848720234433
7,36.0,29.591622956289825,36.0,-11.591622956289825
8,40.5,27.496261381497746,40.5,-9.496261381497746
9,45.0,25.87732384007435,45.0,-7.87732384007435
10,49.5,24.688370176235804,49.5,-6.688370176235804
11,54.0,23.882960234198272,54.0,-5.882960234198272
12,58.5,23.414653858177914,58.5,-5.414653858177914
13,63.0,23.237010892390884,63.0,-5.237010892390883
14,67.5,23.303591181053353,67.5,-5.303591181053353
15,72.0,23.567954568381488,72.0,-5.567954568381486
16,76.5,23.983660898591438,76.5,-5.983660898591438
17,81.0,24.50427001589937,81.0,-6.504270015899369
18,85.5,25.083341764521446,85.5,-7.083341764521446
19,90.0,25.67443598867383,90.0,-7.674435988673832
20,94.5,26.231112532572688,94.5,-8.231112532572688
21,99.0,26.71209811841955,99.0,-8.71209811841955
22,103.5,27.11215294945528,103.5,-9.112152949455279
23,108.0,27.44138193514617,108.0,-9.441381935146168
24,112.5,27.70994668595149,112.5,-9.70994668595149
25,117.0,27.928008812330535,117.0,-9.928008812330535
26,121.5,28.105729924742562,121.5,-10.105729924742562
27,126.0,28.253271633646854,126.0,-10.253271633646854
28,130.5,28.380795549502693,130.5,-10.380795549502693
29,135.0,28.49846328276935,135.0,-10.49846328276935
30,139.5,28.616436443906093,139.5,-10.616436443906093
31,144.0,28.743978897454465,144.0,-10.743978897454465
32,148.5,28.881918852467187,148.5,-10.881918852467187
33,153.0,29.02646252924863,153.0,-11.02646252924863
34,157.5,29.173768806033248,157.5,-11.173768806033248
35,162.0,29.319996561055518,162.0,-11.319996561055518
36,166.5,29.46130467254991,166.5,-11.461304672549911
37,171.0,29.59385201875089,171.0,-11.59385201875089
38,175.5,29.713797477892935,175.5,-11.713797477892935
39,180.0,29.817299928210513,180.0,-11.817299928210513
40,184.5,29.90051824793809,184.5,-11.900518247938091
41,189.0,29.96007499610543,189.0,-11.96007499610543
42,193.5,29.998621933920017,193.5,-11.998621933920017
43,198.0,30.023027208596602,198.0,-12.023027208596602
44,202.5,30.04024548504936,202.5,-12.040245485049361
45,207.0,30.057231428192445,207.0,-12.057231428192445
46,211.5,30.08093970294003,211.5,-12.080939702940029
47,216.0,30.118324974206267,216.0,-12.118324974206267
48,220.5,30.176341906905325,220.5,-12.176341906905325
49,225.0,30.261945165951374,225.0,-12.261945165951374
50,229.5,30.38208941625857,229.5,-12.38208941625857
51,234.0,30.543271738768624,234.0,-12.543271738768624
52,238.5,30.74341163338415,238.5,-12.743411633384149
53,243.0,30.972810674244204,243.0,-12.972810674244204
54,247.5,31.22150562994822,247.5,-13.221505629948219
55,252.0,31.47953326909564,252.0,-13.47953326909564
56,256.5,31.736930360285903,256.5,-13.736930360285903
57,261.0,31.98373367211847,261.0,-13.983733672118468
58,265.5,32.20997997319276,265.5,-14.209979973192759
59,270.0,32.40570603210823,270.0,-14.405706032108224
60,274.5,32.5609486174643,274.5,-14.560948617464298
61,279.0,32.666045217086044,279.0,-14.666045217086044
62,283.5,32.71998440948087,283.5,-14.719984409480869
63,288.0,32.73149567031216,288.0,-14.731495670312157
64,292.5,32.70982811806515,292.5,-14.70982811806515
65,297.0,32.66423087122508,297.0,-14.66423087122508
66,301.5,32.60395304827719,301.5,-14.603953048277187
67,306.0,32.53824376770671,306.0,-14.53824376770671
68,310.5,32.476352147998895,310.5,-14.476352147998895
69,315.0,32.42752730763898,315.0,-14.427527307638979
70,319.5,32.40101836511219,319.5,-14.401018365112193
71,324.0,32.40594511822903,324.0,-14.405945118229027
72,328.5,32.445125002541744,328.5,-14.445125002541744
73,333.0,32.51236341908134,333.0,-14.512363419081339
74,337.5,32.6007726908876,337.5,-14.600772690887602
75,342.0,32.703465141000336,342.0,-14.703465141000333
76,346.5,32.81355309245932,346.5,-14.813553092459323
77,351.0,32.924148868304364,351.0,-14.924148868304364
78,355.5,33.02836479157525,355.5,-15.02836479157525
79,360.0,33.11931318531177,360.0,-15.119313185311768
80,364.5,33.19010637255373,364.5,-15.190106372553725
81,369.0,33.23391074523615,369.0,-15.233910745236152
82,373.5,33.24917142151096,373.5,-15.249171421510958
83,378.0,33.2439677956414,378.0,-15.243967795641403
84,382.5,33.227404568348646,382.5,-15.227404568348646
85,387.0,33.20858644035382,387.0,-15.20858644035382
86,391.5,33.19661811237809,391.5,-15.196618112378086
87,396.0,33.20060428514262,396.0,-15.200604285142614
88,400.5,33.22964965936852,400.5,-15.229649659368523
89,405.0,33.292858935777005,405.0,-15.292858935777002
90,409.5,33.399336815089185,409.5,-15.399336815089182
91,414.0,33.55816508820219,414.0,-15.558165088202188
92,418.5,33.772225574883464,418.5,-15.772225574883464
93,423.0,34.02984090172575,423.0,-16.02984090172575
94,427.5,34.317246037606516,427.5,-16.317246037606516
95,432.0,34.62067595140327,432.0,-16.620675951403268
96,436.5,34.92636561199346,436.5,-16.926365611993457
97,441.0,35.22054998825459,441.0,-17.220549988254593
98,445.5,35.489464049064125,445.5,-17.48946404906412
99,450.0,35.71934276329955,450.0,-17.719342763299554
100,454.5,35.89642109983836,454.5,-17.896421099838367
101,459.0,36.00693772178625,459.0,-18.00693772178625
102,463.5,36.043500141690735,463.5,-18.043500141690735
103,468.0,36.018151206735936,468.0,-18.018151206735936
104,472.5,35.9466279923205,472.5,-17.946627992320497
105,477.0,35.844667573843054,477.0,-17.84466757384305
106,481.5,35.72800702670224,481.5,-17.728007026702237
107,486.0,35.61238342629669,486.0,-17.61238342629669
108,490.5,35.51353384802506,490.5,-17.51353384802506
109,495.0,35.44719536728597,495.0,-17.447195367285975
110,499.5,35.429105059478076,499.5,-17.42910505947808
111,504.0,35.475,504.0,-17.475
112,508.5,35.59527154507816,508.5,-17.59527154507816
113,513.0,35.77892817425,513.0,-17.778928174249998
114,517.5,36.00963264788078,517.5,-18.009632647880775
115,522.0,36.2710477263357,522.0,-18.271047726335702
116,526.5,36.54683616998001,526.5,-18.54683616998001
117,531.0,36.82066073917895,531.0,-18.82066073917895
118,535.5,37.07618419429773,535.5,-19.07618419429773
119,540.0,37.2970692957016,540.0,-19.297069295701597
120,544.5,37.46697880375578,544.5,-19.466978803755776
121,549.0,37.5695754788255,549.0,-19.569575478825502
122,553.5,37.59244786434971,553.5,-19.59244786434971
123,558.0,37.54383804851811,558.0,-19.543838048518108
124,562.5,37.438756169539474,562.5,-19.438756169539474
125,567.0,37.29221629140565,567.0,-19.29221629140565
126,571.5,37.11923247810849,571.5,-19.119232478108493
127,576.0,36.93481879363986,576.0,-18.93481879363986
128,580.5,36.75398930199158,580.5,-18.753989301991577
129,585.0,36.59175806715552,585.0,-18.591758067155517
130,589.5,36.46313915312352,589.5,-18.46313915312352
131,594.0,36.38314662388743,594.0,-18.38314662388743
132,598.5,36.36483122952991,598.5,-18.364831229529916
133,603.0,36.407551692816305,603.0,-18.407551692816305
134,607.5,36.50483604431251,607.5,-18.504836044312512
135,612.0,36.650190769301446,612.0,-18.650190769301446
136,616.5,36.83712235306607,616.5,-18.83712235306607
137,621.0,37.0591372808893,621.0,-19.059137280889303
138,625.5,37.30974203805408,625.5,-19.309742038054086
139,630.0,37.58244310984336,630.0,-19.58244310984336
140,634.5,37.870746981540066,634.5,-19.870746981540062
141,639.0,38.16816013842713,639.0,-20.168160138427133
142,643.5,38.46810070541265,643.5,-20.46810070541265
143,648.0,38.76315653052289,648.0,-20.763156530522895
144,652.5,39.04546054391675,652.5,-21.045460543916747
145,657.0,39.307141016123865,657.0,-21.307141016123868
146,661.5,39.54032621767399,661.5,-21.540326217673996
147,666.0,39.737144419096815,666.0,-21.737144419096815
148,670.5,39.889723890922035,670.5,-21.889723890922035
149,675.0,39.99019290367934,675.0,-21.99019290367934
150,679.5,40.03067972789845,679.5,-22.030679727898452
151,684.0,40.00331263410906,684.0,-22.003312634109058
152,688.5,39.90124875575155,688.5,-21.90124875575155
153,693.0,39.73102344370554,693.0,-21.731023443705542
154,697.5,39.50852780225712,697.5,-21.508527802257117
155,702.0,39.249844910113026,702.0,-21.249844910113023
156,706.5,38.971057845980006,706.5,-20.971057845980006
157,711.0,38.688249688564824,711.0,-20.68824968856482
158,715.5,38.4175035165742,715.5,-20.417503516574197
159,720.0,38.174902408714885,720.0,-20.174902408714885
160,724.5,37.976529443693636,724.5,-19.976529443693636
161,729.0,37.838467700217194,729.0,-19.838467700217198
162,733.5,37.776058210304335,733.5,-19.776058210304335
163,738.0,37.79073206597572,738.0,-19.790732065975714
164,742.5,37.8715666560578,742.5,-19.8715666560578
165,747.0,38.00720994421043,747.0,-20.007209944210427
166,751.5,38.18630989409342,751.5,-20.18630989409342
167,756.0,38.39751446936661,756.0,-20.397514469366612
168,760.5,38.62947163368983,760.5,-20.62947163368983
169,765.0,38.87082935072289,765.0,-20.870829350722893
170,769.5,39.11023558412564,769.5,-21.11023558412564
171,774.0,39.336338297557894,774.0,-21.336338297557894
172,778.5,39.53805883791059,778.5,-21.53805883791059
173,783.0,39.71218324086722,783.0,-21.712183240867223
174,787.5,39.86435297173338,787.5,-21.864352971733382
175,792.0,40.000681902038,792.0,-22.000681902038
176,796.5,40.12728390331002,796.5,-22.127283903310023
177,801.0,40.250272847078406,801.0,-22.250272847078403
178,805.5,40.375762604872065,805.5,-22.37576260487207
179,810.0,40.509867048219974,810.0,-22.509867048219977
180,814.5,40.65870004865106,814.5,-22.658700048651063
181,819.0,40.82837547769428,819.0,-22.828375477694276
182,823.5,41.02485319879397,823.5,-23.02485319879397
183,828.0,41.24658758764733,828.0,-23.246587587647333
184,832.5,41.4813005815571,832.5,-23.4813005815571
185,837.0,41.71588873074764,837.0,-23.715888730747643
186,841.5,41.93724858544339,841.5,-23.937248585443392
187,846.0,42.13227669586873,846.0,-24.132276695868732
188,850.5,42.28786961224805,850.5,-24.287869612248052
189,855.0,42.39092388480579,855.0,-24.390923884805787
190,859.5,42.42833606376631,859.5,-24.42833606376631
191,864.0,42.387002699354014,864.0,-24.387002699354014
192,868.5,42.253932339905305,868.5,-24.253932339905305
193,873.0,42.027067867949235,873.0,-24.027067867949235
194,877.5,41.72430857033986,877.5,-23.724308570339858
195,882.0,41.36567754998083,882.0,-23.36567754998083
196,886.5,40.971197909775796,886.5,-22.971197909775793
197,891.0,40.560892752628405,891.0,-22.5608927526284
198,895.5,40.15478518144229,895.5,-22.154785181442293
199,900.0,39.77289829912111,900.0,-21.772898299121113
200,904.5,39.43525520856849,904.5,-21.435255208568496
201,909.0,39.1618790126881,909.0,-21.161879012688097
202,913.5,38.97276005041954,913.5,-20.972760050419534
203,918.0,38.87902191293714,918.0,-20.87902191293714
204,922.5,38.870966692275005,922.5,-20.870966692275
205,927.0,38.93591086424509,927.0,-20.93591086424509
206,931.5,39.06117090465937,931.5,-21.06117090465937
207,936.0,39.23406328932981,936.0,-21.23406328932981
208,940.5,39.44190449406839,940.5,-21.44190449406839
209,945.0,39.67201099468707,945.0,-21.67201099468707
210,949.5,39.911699266997815,949.5,-21.91169926699781
211,954.0,40.1482857868126,954.0,-22.1482857868126
212,958.5,40.36908906372741,958.5,-22.369089063727408
213,963.0,40.56493385099462,963.0,-22.564933850994624
214,967.5,40.73734463961382,967.5,-22.737344639613827
215,972.0,40.88987970460802,972.0,-22.88987970460802
216,976.5,41.026097321000215,976.5,-23.026097321000215
217,981.0,41.149555763813446,981.0,-23.149555763813446
218,985.5,41.26381330807068,985.5,-23.26381330807068
219,990.0,41.372428228794945,990.0,-23.372428228794945
220,994.5,41.47895880100925,994.5,-23.47895880100925
221,999.0,41.5869632997366,999.0,-23.586963299736603
222,1003.5,41.7,1003.5,-23.700000000000003
223,1008.0,41.820702877155,1008.0,-23.820702877155
224,1012.5,41.948008707887226,1012.5,-23.948008707887226
225,1017.0,42.079929969214845,1017.0,-24.079929969214845
226,1021.5,42.21447913815604,1021.5,-24.214479138156037
227,1026.0,42.34966869172896,1026.0,-24.349668691728958
228,1030.5,42.48351110695179,1030.5,-24.483511106951788
229,1035.0,42.614018860842684,1035.0,-24.614018860842684
230,1039.5,42.73920443041982,1039.5,-24.739204430419818
231,1044.0,42.85708029270137,1044.0,-24.85708029270137
232,1048.5,42.96565892470547,1048.5,-24.965658924705473
233,1053.0,43.06375161886308,1053.0,-25.06375161886308
234,1057.5,43.1543722354915,1057.5,-25.1543722354915
235,1062.0,43.24191179267966,1062.0,-25.24191179267966
236,1066.5,43.330762107331864,1066.5,-25.330762107331864
237,1071.0,43.42531499635244,1071.0,-25.42531499635244
238,1075.5,43.529962276645705,1075.5,-25.529962276645705
239,1080.0,43.64909576511599,1080.0,-25.649095765115987
240,1084.5,43.78710727866759,1084.5,-25.78710727866759
241,1089.0,43.94838863420486,1089.0,-25.94838863420486
242,1093.5,44.137331648632085,1093.5,-26.137331648632085
243,1098.0,44.35646506199633,1098.0,-26.35646506199633
244,1102.5,44.595324633902365,1102.5,-26.595324633902365
245,1107.0,44.83791311792479,1107.0,-26.837913117924792
246,1111.5,45.06821282235034,1111.5,-27.06821282235034
247,1116.0,45.27020605546571,1116.0,-27.270206055465707
248,1120.5,45.42787512555763,1120.5,-27.427875125557627
249,1125.0,45.52520234091285,1125.0,-27.52520234091285
250,1129.5,45.54617000981805,1129.5,-27.54617000981805
251,1134.0,45.47476044055997,1134.0,-27.47476044055997
252,1138.5,45.29495594142535,1138.5,-27.29495594142535
253,1143.0,44.99340183422842,1143.0,-26.993401834228422
254,1147.5,44.581766405785146,1147.5,-26.581766405785146
255,1152.0,44.08542830161957,1152.0,-26.085428301619572
256,1156.5,43.529906599609724,1156.5,-25.529906599609724
257,1161.0,42.94072037763365,1161.0,-24.940720377633653
258,1165.5,42.343388713569375,1165.5,-24.343388713569375
259,1170.0,41.763430685294935,1170.0,-23.763430685294935
260,1174.5,41.22636537068837,1174.5,-23.22636537068837
261,1179.0,40.7577118476277,1179.0,-22.757711847627696
262,1183.5,40.382989193990966,1183.5,-22.382989193990966
263,1188.0,40.12593379110325,1188.0,-22.125933791103254
264,1192.5,39.98710176773526,1192.5,-21.98710176773526
265,1197.0,39.95083866796776,1197.0,-21.950838667967762
266,1201.5,40.00115740445473,1201.5,-22.001157404454727
267,1206.0,40.12207088985011,1206.0,-22.12207088985011
268,1210.5,40.29759203680791,1210.5,-22.297592036807913
269,1215.0,40.5117337579821,1215.0,-22.5117337579821
270,1219.5,40.74850896602663,1219.5,-22.748508966026627
271,1224.0,40.991930573595496,1224.0,-22.991930573595496
272,1228.5,41.22601149334266,1228.5,-23.22601149334266
273,1233.0,41.43530067656173,1233.0,-23.43530067656173
274,1237.5,41.61439531737868,1237.5,-23.61439531737868
275,1242.0,41.7668166606049,1242.0,-23.766816660604903
276,1246.5,41.896396158597916,1246.5,-23.896396158597916
277,1251.0,42.00696526371516,1251.0,-24.00696526371516
278,1255.5,42.102355428314155,1255.5,-24.102355428314155
279,1260.0,42.18639810475236,1260.0,-24.186398104752357
280,1264.5,42.26292474538727,1264.5,-24.262924745387267
281,1269.0,42.33576680257636,1269.0,-24.33576680257636
282,1273.5,42.40875572867712,1273.5,-24.40875572867712
283,1278.0,42.48565279047735,1278.0,-24.485652790477353
284,1282.5,42.568200156296726,1282.5,-24.568200156296726
285,1287.0,42.6558665434822,1287.0,-24.655866543482198
286,1291.5,42.74799938871638,1291.5,-24.74799938871638
287,1296.0,42.84394612868188,1296.0,-24.84394612868188
288,1300.5,42.94305420006131,1300.5,-24.94305420006131
289,1305.0,43.04467103953726,1305.0,-25.044671039537263
290,1309.5,43.14814408379234,1309.5,-25.14814408379234
291,1314.0,43.25282076950916,1314.0,-25.252820769509157
292,1318.5,43.35804853337031,1318.5,-25.358048533370308
293,1323.0,43.46318078415327,1323.0,-25.463180784153273
294,1327.5,43.56786197694644,1327.5,-25.56786197694644
295,1332.0,43.67215274719949,1332.0,-25.67215274719949
296,1336.5,43.776145737057966,1336.5,-25.776145737057966
297,1341.0,43.879933588667505,1341.0,-25.879933588667505
298,1345.5,43.98360894417367,1345.5,-25.983608944173668
299,1350.0,44.08726444572206,1350.0,-26.087264445722063
300,1354.5,44.19099273545828,1354.5,-26.19099273545828
301,1359.0,44.294886455527894,1359.0,-26.294886455527894
302,1363.5,44.39903824807652,1363.5,-26.399038248076522
303,1368.0,44.50353991477249,1368.0,-26.50353991477249
304,1372.5,44.60840120180317,1372.5,-26.60840120180317
305,1377.0,44.713482094764416,1377.0,-26.713482094764416
306,1381.5,44.818626641313394,1381.5,-26.818626641313394
307,1386.0,44.92367888910732,1386.0,-26.92367888910732
308,1390.5,45.028482885803406,1390.5,-27.028482885803406
309,1395.0,45.13288267905883,1395.0,-27.13288267905883
310,1399.5,45.2367223165308,1399.5,-27.236722316530802
311,1404.0,45.33984584587652,1404.0,-27.339845845876518
312,1408.5,45.44209731475319,1408.5,-27.44209731475319
313,1413.0,45.5433210204273,1413.0,-27.5433210204273
314,1417.5,45.64342881068404,1417.5,-27.643428810684043
315,1422.0,45.742491160023114,1422.0,-27.742491160023114
316,1426.5,45.84060128859228,1426.5,-27.840601288592282
317,1431.0,45.937852416539336,1431.0,-27.937852416539336
318,1435.5,46.03433776401205,1435.5,-28.03433776401205
319,1440.0,46.1301505511582,1440.0,-28.130150551158202
320,1444.5,46.225383998125594,1444.5,-28.225383998125594
321,1449.0,46.32013132506197,1449.0,-28.320131325061972
322,1453.5,46.41448575211515,1453.5,-28.414485752115148
323,1458.0,46.50854051543572,1458.0,-28.50854051543572
324,1462.5,46.60241644007081,1462.5,-28.60241644007081
325,1467.0,46.69631854200973,1467.0,-28.696318542009728
326,1471.5,46.79046784008198,1471.5,-28.79046784008198
327,1476.0,46.885085353117084,1476.0,-28.885085353117084
328,1480.5,46.98039209994455,1480.5,-28.980392099944552
329,1485.0,47.07660909939388,1485.0,-29.076609099393878
330,1489.5,47.17395737029457,1489.5,-29.173957370294573
331,1494.0,47.272657931476154,1494.0,-29.272657931476154
332,1498.5,47.372931801768125,1498.5,-29.372931801768125
333,1503.0,47.47500000000001,1503.0,-29.47500000000001
334,1507.5,47.578810834772426,1507.5,-29.578810834772426
335,1512.0,47.68322177377061,1512.0,-29.68322177377061
336,1516.5,47.786817574450914,1516.5,-29.786817574450914
337,1521.0,47.8881829942697,1521.0,-29.888182994269698
338,1525.5,47.9859027906833,1525.5,-29.985902790683298
339,1530.0,48.078561721148084,1530.0,-30.078561721148084
340,1534.5,48.1647445431204,1534.5,-30.1647445431204
341,1539.0,48.2430360140566,1539.0,-30.2430360140566
342,1543.5,48.312020891413056,1543.5,-30.312020891413056
343,1548.0,48.3702839326461,1548.0,-30.370283932646103
344,1552.5,48.41726829665071,1552.5,-30.41726829665071
345,1557.0,48.45693319229035,1557.0,-30.45693319229035
346,1561.5,48.494717712508674,1561.5,-30.494717712508674
347,1566.0,48.53606180865073,1566.0,-30.53606180865073
348,1570.5,48.58640543206161,1570.5,-30.58640543206161
349,1575.0,48.65118853408639,1575.0,-30.651188534086387
350,1579.5,48.73585106607012,1579.5,-30.73585106607012
351,1584.0,48.8458329793579,1584.0,-30.8458329793579
352,1588.5,48.986574225294795,1588.5,-30.986574225294795
353,1593.0,49.163514755225876,1593.0,-31.163514755225876
354,1597.5,49.379660831831295,1597.5,-31.379660831831295
355,1602.0,49.621046326608266,1602.0,-31.621046326608266
356,1606.5,49.86647748971029,1606.5,-31.86647748971029
357,1611.0,50.094733864145105,1611.0,-32.094733864145105
358,1615.5,50.28459499292036,1615.5,-32.28459499292036
359,1620.0,50.41484041904377,1620.0,-32.41484041904377
360,1624.5,50.46424968552302,1624.5,-32.46424968552302
361,1629.0,50.4116023353658,1629.0,-32.4116023353658
362,1633.5,50.2356779115798,1633.5,-32.2356779115798
363,1638.0,49.9152559571727,1638.0,-31.915255957172697
364,1642.5,49.4326776902981,1642.5,-31.4326776902981
365,1647.0,48.80375155396692,1647.0,-30.80375155396692
366,1651.5,48.06262305307401,1651.5,-30.062623053074013
367,1656.0,47.243625515227045,1656.0,-29.243625515227045
368,1660.5,46.38109226803367,1660.5,-28.38109226803367
369,1665.0,45.50935663910152,1665.0,-27.50935663910152
370,1669.5,44.66275195603825,1669.5,-26.66275195603825
371,1674.0,43.87561154645153,1674.0,-25.87561154645153
372,1678.5,43.182268737948995,1678.5,-25.182268737948995
373,1683.0,42.617056858138305,1683.0,-24.617056858138305
374,1687.5,42.21189167479186,1687.5,-24.211891674791858
375,1692.0,41.96725362954466,1692.0,-23.967253629544658
376,1696.5,41.861639580573694,1696.5,-23.861639580573694
377,1701.0,41.873095296174164,1701.0,-23.873095296174164
378,1705.5,41.97966654464124,1705.5,-23.97966654464124
379,1710.0,42.15939909427016,1710.0,-24.159399094270157
380,1714.5,42.39033871335609,1714.5,-24.390338713356087
381,1719.0,42.65053117019424,1719.0,-24.650531170194242
382,1723.5,42.918022233079824,1723.5,-24.918022233079824
383,1728.0,43.170857670308,1728.0,-25.170857670308003
384,1732.5,43.38783250455385,1732.5,-25.38783250455385
385,1737.0,43.56178680934438,1737.0,-25.561786809344383
386,1741.5,43.698034356123,1741.5,-25.698034356123003
387,1746.0,43.80232251261779,1746.0,-25.802322512617792
388,1750.5,43.880398646556785,1750.5,-25.880398646556785
389,1755.0,43.938010125668086,1755.0,-25.938010125668086
390,1759.5,43.980904317679745,1759.5,-25.980904317679745
391,1764.0,44.01482859031984,1764.0,-26.014828590319837
392,1768.5,44.0455303113164,1768.5,-26.045530311316398
393,1773.0,44.07875684839752,1773.0,-26.078756848397518
394,1777.5,44.12014255035166,1777.5,-26.12014255035166
395,1782.0,44.17207043711278,1782.0,-26.17207043711278
396,1786.5,44.23326261912323,1786.5,-26.23326261912323
397,1791.0,44.30224591009771,1791.0,-26.30224591009771
398,1795.5,44.37754712375094,1795.5,-26.377547123750936
399,1800.0,44.45769307379762,1800.0,-26.45769307379762
400,1804.5,44.54121057395248,1804.5,-26.541210573952483
401,1809.0,44.62662643793021,1809.0,-26.626626437930213
402,1813.5,44.712467479445536,1813.5,-26.712467479445536
403,1818.0,44.797260512213164,1818.0,-26.797260512213164
404,1822.5,44.87954883087564,1822.5,-26.879548830875642
405,1827.0,44.95867891779289,1827.0,-26.958678917792888
406,1831.5,45.03514576998322,1831.5,-27.035145769983217
407,1836.0,45.10953271193754,1836.0,-27.10953271193754
408,1840.5,45.18242306814681,1840.5,-27.18242306814681
409,1845.0,45.25440016310191,1845.0,-27.254400163101913
410,1849.5,45.326047321293785,1849.5,-27.326047321293785
411,1854.0,45.397947867213354,1854.0,-27.397947867213354
412,1858.5,45.47068512535152,1858.5,-27.470685125351523
413,1863.0,45.54484242019923,1863.0,-27.54484242019923
414,1867.5,45.620999676772605,1867.5,-27.620999676772605
415,1872.0,45.69940493062565,1872.0,-27.699404930625647
416,1876.5,45.7797004812718,1876.5,-27.779700481271803
417,1881.0,45.86146416411052,1881.0,-27.861464164110522
418,1885.5,45.944273814541255,1885.5,-27.944273814541255
419,1890.0,46.027707267963414,1890.0,-28.027707267963414
420,1894.5,46.11134235977646,1894.5,-28.111342359776458
421,1899.0,46.1947569253798,1899.0,-28.1947569253798
422,1903.5,46.27752880017289,1903.5,-28.277528800172888
423,1908.0,46.35923581955518,1908.0,-28.35923581955518
424,1912.5,46.439456471672734,1912.5,-28.439456471672734
425,1917.0,46.51794589423732,1917.0,-28.51794589423732
426,1921.5,46.59487404546496,1921.5,-28.594874045464962
427,1926.0,46.67047036511132,1926.0,-28.67047036511132
428,1930.5,46.74496429293207,1930.5,-28.744964292932067
429,1935.0,46.81858526868288,1935.0,-28.81858526868288
430,1939.5,46.89156273211944,1939.5,-28.89156273211944
431,1944.0,46.96412612299741,1944.0,-28.964126122997413
432,1948.5,47.03650488107249,1948.5,-29.03650488107249
433,1953.0,47.10892844610031,1953.0,-29.108928446100307
434,1957.5,47.1816262218878,1957.5,-29.181626221887797
435,1962.0,47.254765636514215,1962.0,-29.254765636514215
436,1966.5,47.328324991433185,1966.5,-29.328324991433185
437,1971.0,47.40224663930037,1971.0,-29.402246639300373
438,1975.5,47.47647293277151,1975.5,-29.476472932771507
439,1980.0,47.550946224502276,1980.0,-29.550946224502276
440,1984.5,47.62560886714837,1984.5,-29.625608867148372
441,1989.0,47.700403213365504,1989.0,-29.700403213365504
442,1993.5,47.77527161580936,1993.5,-29.77527161580936
443,1998.0,47.85015642713562,1998.0,-29.850156427135623
444,2002.5,47.92500000000001,2002.5,-29.92500000000001
445,2007.0,47.999754486552526,2007.0,-29.999754486552526
446,2011.5,48.07441123692038,2011.5,-30.074411236920383
447,2016.0,48.14897140072514,2016.0,-30.148971400725138
448,2020.5,48.22343612758831,2020.5,-30.223436127588307
449,2025.0,48.297806567131445,2025.0,-30.297806567131445
450,2029.5,48.37208386897607,2029.5,-30.37208386897607
451,2034.0,48.446269182743755,2034.0,-30.446269182743755
452,2038.5,48.520363658056,2038.5,-30.520363658056
453,2043.0,48.59436844453435,2043.0,-30.594368444534346
454,2047.5,48.66828469180034,2047.5,-30.668284691800338
455,2052.0,48.74212004825295,2052.0,-30.74212004825295
456,2056.5,48.815916352359245,2056.5,-30.815916352359245
457,2061.0,48.889726646478636,2061.0,-30.889726646478636
458,2065.5,48.96360397946924,2065.5,-30.96360397946924
459,2070.0,49.03760140018924,2070.0,-31.03760140018924
460,2074.5,49.1117719574968,2074.5,-31.1117719574968
461,2079.0,49.18616870025004,2079.0,-31.186168700250043
462,2083.5,49.26084467730714,2083.5,-31.26084467730714
463,2088.0,49.33585293752627,2088.0,-31.33585293752627
464,2092.5,49.411246529765556,2092.5,-31.411246529765556
465,2097.0,49.48705418518195,2097.0,-31.487054185181947
466,2101.5,49.56313504481837,2101.5,-31.563135044818367
467,2106.0,49.63927603048157,2106.0,-31.639276030481568
468,2110.5,49.715263797117395,2110.5,-31.715263797117395
469,2115.0,49.79088499967168,2115.0,-31.790884999671682
470,2119.5,49.86592629309027,2119.5,-31.86592629309027
471,2124.0,49.940174332318975,2124.0,-31.940174332318975
472,2128.5,50.013415772303645,2128.5,-32.013415772303645
473,2133.0,50.08543726799014,2133.0,-32.08543726799014
474,2137.5,50.15602547432426,2137.5,-32.15602547432426
475,2142.0,50.225003957523995,2142.0,-32.225003957523995
476,2146.5,50.29254311999946,2146.5,-32.29254311999946
477,2151.0,50.35900339953841,2151.0,-32.35900339953841
478,2155.5,50.424747180421505,2155.5,-32.424747180421505
479,2160.0,50.49013684692945,2160.0,-32.49013684692945
480,2164.5,50.55553478334289,2164.5,-32.55553478334289
481,2169.0,50.6213033739425,2169.0,-32.6213033739425
482,2173.5,50.68780500300895,2173.5,-32.68780500300895
483,2178.0,50.7554020548229,2178.0,-32.7554020548229
484,2182.5,50.82445691366502,2182.5,-32.82445691366502
485,2187.0,50.89530092449814,2187.0,-32.89530092449814
486,2191.5,50.96786183065933,2191.5,-32.96786183065933
487,2196.0,51.041785125828575,2196.0,-33.041785125828575
488,2200.5,51.11671051209304,2200.5,-33.11671051209304
489,2205.0,51.19227769153984,2205.0,-33.19227769153984
490,2209.5,51.26812636625617,2209.5,-33.26812636625617
491,2214.0,51.34389623832916,2214.0,-33.34389623832916
492,2218.5,51.419227009845955,2218.5,-33.419227009845955
493,2223.0,51.493758382893716,2223.0,-33.493758382893716
494,2227.5,51.567130059559574,2227.5,-33.567130059559574
495,2232.0,51.638996975289544,2232.0,-33.638996975289544
496,2236.5,51.70929962048287,2236.5,-33.70929962048287
497,2241.0,51.77823209275345,2241.0,-33.77823209275345
498,2245.5,51.845997305316345,2245.5,-33.845997305316345
499,2250.0,51.91279817138665,2250.0,-33.91279817138665
500,2254.5,51.97883760417941,2254.5,-33.97883760417941
501,2259.0,52.04431851690972,2259.0,-34.04431851690972
502,2263.5,52.10944382279264,2263.5,-34.10944382279264
503,2268.0,52.17441643504323,2268.0,-34.17441643504323
504,2272.5,52.239439266876566,2272.5,-34.239439266876566
505,2277.0,52.30471184556538,2277.0,-34.30471184556538
506,2281.5,52.370336291592935,2281.5,-34.370336291592935
507,2286.0,52.43630504799802,2286.0,-34.43630504799802
508,2290.5,52.502604706911036,2290.5,-34.502604706911036
509,2295.0,52.56922186046238,2295.0,-34.56922186046238
510,2299.5,52.63614310078245,2299.5,-34.63614310078245
511,2304.0,52.703355020001645,2304.0,-34.703355020001645
512,2308.5,52.77084421025033,2308.5,-34.77084421025033
513,2313.0,52.838597263658976,2313.0,-34.838597263658976
514,2317.5,52.90660077235792,2317.5,-34.90660077235792
515,2322.0,52.974840239581084,2322.0,-34.974840239581084
516,2326.5,53.043248101871704,2326.5,-35.043248101871704
517,2331.0,53.11168091329787,2331.0,-35.11168091329787
518,2335.5,53.17998939212287,2335.5,-35.17998939212287
519,2340.0,53.24802425661007,2340.0,-35.24802425661007
520,2344.5,53.31563622502279,2344.5,-35.31563622502279
521,2349.0,53.38267601562436,2349.0,-35.38267601562436
522,2353.5,53.448994346678134,2353.5,-35.448994346678134
523,2358.0,53.51444193644743,2358.0,-35.51444193644743
524,2362.5,53.5788695031956,2362.5,-35.5788695031956
525,2367.0,53.642128853399804,2367.0,-35.642128853399804
526,2371.5,53.70417803545265,2371.5,-35.70417803545265
527,2376.0,53.765169001333554,2376.0,-35.765169001333554
528,2380.5,53.82527433878101,2380.5,-35.82527433878101
529,2385.0,53.88466663553338,2385.0,-35.88466663553338
530,2389.5,53.943518479329136,2389.5,-35.943518479329136
531,2394.0,54.002002457906706,2394.0,-36.002002457906706
532,2398.5,54.06029115900451,2398.5,-36.06029115900451
533,2403.0,54.11855717036099,2403.0,-36.11855717036099
534,2407.5,54.17697307971456,2407.5,-36.17697307971456
535,2412.0,54.23571119861045,2412.0,-36.23571119861045
536,2416.5,54.29486909380486,2416.5,-36.29486909380486
537,2421.0,54.35436881126534,2421.0,-36.35436881126534
538,2425.5,54.41410722885265,2425.5,-36.41410722885265
539,2430.0,54.47398122442757,2430.0,-36.47398122442757
540,2434.5,54.53388767585086,2434.5,-36.53388767585086
541,2439.0,54.593723460983306,2439.0,-36.593723460983306
542,2443.5,54.65338545768567,2443.5,-36.65338545768567
543,2448.0,54.712770543818706,2448.0,-36.712770543818706
544,2452.5,54.77177559724319,2452.5,-36.77177559724319
545,2457.0,54.83029753877294,2457.0,-36.83029753877294
546,2461.5,54.88830734025846,2461.5,-36.88830734025846
547,2466.0,54.9460019494807,2466.0,-36.9460019494807
548,2470.5,55.003621267258175,2470.5,-37.003621267258175
549,2475.0,55.06140519440937,2475.0,-37.06140519440937
550,2479.5,55.11959363175275,2479.5,-37.11959363175275
551,2484.0,55.17842648010683,2484.0,-37.17842648010683
552,2488.5,55.238143640290104,2488.5,-37.238143640290104
553,2493.0,55.298985013121055,2493.0,-37.298985013121055
554,2497.5,55.3611904994182,2497.5,-37.3611904994182
555,2502.0,55.425,2502.0,-37.425
556,2506.5,55.49032470300014,2506.5,-37.49032470300014
557,2511.0,55.55576094581304,2511.0,-37.55576094581304
558,2515.5,55.619576353148325,2515.5,-37.619576353148325
559,2520.0,55.680038549715555,2520.0,-37.680038549715555
560,2524.5,55.735415160224356,2524.5,-37.735415160224356
561,2529.0,55.783973809384335,2529.0,-37.783973809384335
562,2533.5,55.82398212190507,2533.5,-37.82398212190507
563,2538.0,55.85370772249618,2538.0,-37.85370772249618
564,2542.5,55.87141823586727,2542.5,-37.87141823586727
565,2547.0,55.875381286727944,2547.0,-37.875381286727944
566,2551.5,55.86502877098605,2551.5,-37.86502877098605
567,2556.0,55.845917815323354,2556.0,-37.845917815323354
568,2560.5,55.82561274996744,2560.5,-37.82561274996744
569,2565.0,55.811679069417046,2565.0,-37.811679069417046
570,2569.5,55.81168226817097,2569.5,-37.81168226817097
571,2574.0,55.83318784072794,2574.0,-37.83318784072794
572,2578.5,55.88376128158672,2578.5,-37.88376128158672
573,2583.0,55.970968085246085,2583.0,-37.970968085246085
574,2587.5,56.10237374620479,2587.5,-38.10237374620479
575,2592.0,56.28554375896159,2592.0,-38.28554375896159
576,2596.5,56.52454879670797,2596.5,-38.52454879670797
577,2601.0,56.79908686936209,2601.0,-38.79908686936209
578,2605.5,57.07847699077869,2605.5,-39.07847699077869
579,2610.0,57.331999822863935,2610.0,-39.331999822863935
580,2614.5,57.52893602752407,2614.5,-39.52893602752407
581,2619.0,57.638566266665265,2619.0,-39.638566266665265
582,2623.5,57.630171202193765,2623.5,-39.630171202193765
583,2628.0,57.473031496015764,2628.0,-39.473031496015764
584,2632.5,57.13642781003746,2632.5,-39.13642781003746
585,2637.0,56.58964080616505,2637.0,-38.58964080616505
586,2641.5,55.807129942405844,2641.5,-37.807129942405844
587,2646.0,54.81201715341225,2646.0,-36.81201715341225
588,2650.5,53.65408708188831,2650.5,-35.65408708188831
589,2655.0,52.38339747111377,2655.0,-34.38339747111377
590,2659.5,51.05000606436833,2659.5,-33.05000606436833
591,2664.0,49.703970604931705,2664.0,-31.703970604931705
592,2668.5,48.3953488360836,2668.5,-30.3953488360836
593,2673.0,47.174198501103746,2673.0,-29.174198501103746
594,2677.5,46.090577343271825,2677.5,-28.090577343271825
595,2682.0,45.194543105867595,2682.0,-27.194543105867595
596,2686.5,44.53262929969113,2686.5,-26.53262929969113
597,2691.0,44.10554413857754,2691.0,-26.105544138577542
598,2695.5,43.88194895267716,2695.5,-25.881948952677163
599,2700.0,43.82984748940362,2700.0,-25.82984748940362
600,2704.5,43.91724349617053,2704.5,-25.917243496170528
601,2709.0,44.11214072039152,2709.0,-26.112140720391523
602,2713.5,44.382542909480236,2713.5,-26.382542909480236
603,2718.0,44.69645381085028,2718.0,-26.69645381085028
604,2722.5,45.0218771719153,2722.5,-27.0218771719153
605,2727.0,45.3268167400889,2727.0,-27.3268167400889
606,2731.5,45.58036599804691,2731.5,-27.580365998046908
607,2736.0,45.772045919560604,2736.0,-27.772045919560604
608,2740.5,45.90951955248843,2740.5,-27.909519552488433
609,2745.0,46.001080578521226,2745.0,-28.001080578521226
610,2749.5,46.055022679349726,2749.5,-28.055022679349726
611,2754.0,46.07963953666472,2754.0,-28.079639536664722
612,2758.5,46.08322483215701,2758.5,-28.083224832157008
613,2763.0,46.07407224751735,2763.0,-28.07407224751735
614,2767.5,46.06047546443651,2767.5,-28.060475464436507
615,2772.0,46.05072816460529,2772.0,-28.05072816460529
616,2776.5,46.052962057982306,2776.5,-28.052962057982306
617,2781.0,46.07064925173591,2781.0,-28.070649251735908
618,2785.5,46.10201526468683,2785.5,-28.102015264686827
619,2790.0,46.14500572850268,2790.0,-28.14500572850268
620,2794.5,46.19756627485105,2794.5,-28.19756627485105
621,2799.0,46.25764253539954,2799.0,-28.25764253539954
622,2803.5,46.323180141815754,2803.5,-28.323180141815754
623,2808.0,46.39212472576727,2808.0,-28.392124725767268
624,2812.5,46.46242191892171,2812.5,-28.462421918921713
625,2817.0,46.53201735294667,2817.0,-28.532017352946667
626,2821.5,46.59887602225093,2821.5,-28.598876022250927
627,2826.0,46.661906552333456,2826.0,-28.661906552333456
628,2830.5,46.721366909719826,2830.5,-28.721366909719826
629,2835.0,46.77761883312668,2835.0,-28.77761883312668
630,2839.5,46.831024061270696,2839.5,-28.831024061270696
631,2844.0,46.88194433286852,2844.0,-28.88194433286852
632,2848.5,46.93074138663682,2848.5,-28.930741386636818
633,2853.0,46.97777696129222,2853.0,-28.97777696129222
634,2857.5,47.023412795551415,2857.5,-29.023412795551415
635,2862.0,47.068010628131034,2862.0,-29.068010628131034
636,2866.5,47.11193154769102,2866.5,-29.11193154769102
637,2871.0,47.15547317809564,2871.0,-29.15547317809564
638,2875.5,47.1988173127341,2875.5,-29.1988173127341
639,2880.0,47.242133417994395,2880.0,-29.242133417994395
640,2884.5,47.285590960264436,2884.5,-29.285590960264436
641,2889.0,47.329359405932216,2889.0,-29.329359405932216
642,2893.5,47.37360822138564,2893.5,-29.373608221385638
643,2898.0,47.41850687301269,2898.0,-29.41850687301269
644,2902.5,47.46422482720129,2902.5,-29.464224827201292
645,2907.0,47.51093155033942,2907.0,-29.51093155033942
646,2911.5,47.55879617505443,2911.5,-29.558796175054432
647,2916.0,47.60789751001625,2916.0,-29.60789751001625
648,2920.5,47.65810225904511,2920.5,-29.65810225904511
649,2925.0,47.70924671202819,2925.0,-29.70924671202819
650,2929.5,47.76116715885271,2929.5,-29.761167158852707
651,2934.0,47.81369988940587,2934.0,-29.813699889405868
652,2938.5,47.86668119357488,2938.5,-29.866681193574877
653,2943.0,47.919947361246926,2943.0,-29.919947361246926
654,2947.5,47.97333468230922,2947.5,-29.973334682309222
655,2952.0,48.02667944664897,2952.0,-30.02667944664897
656,2956.5,48.07981797059178,2956.5,-30.079817970591783
657,2961.0,48.13263215027259,2961.0,-30.132632150272592
658,2965.5,48.18514297427232,2965.5,-30.185142974272317
659,2970.0,48.23739786957638,2970.0,-30.237397869576377
660,2974.5,48.28944426317017,2974.5,-30.289444263170168
661,2979.0,48.341329582039094,2979.0,-30.341329582039094
662,2983.5,48.39310125316855,2983.5,-30.393101253168552
663,2988.0,48.44480670354397,2988.0,-30.444806703543968
664,2992.5,48.496493360150744,2992.5,-30.496493360150744
665,2997.0,48.5482086499743,2997.0,-30.5482086499743
666,3001.5,48.6,3001.5,-30.6
667,3006.0,48.65190259974425,3006.0,-30.651902599744247
668,3010.5,48.703902688847236,3010.5,-30.703902688847236
669,3015.0,48.75597426948016,3015.0,-30.755974269480163
670,3019.5,48.80809134381417,3019.5,-30.80809134381417
671,3024.0,48.86022791402045,3024.0,-30.86022791402045
672,3028.5,48.91235798227016,3028.5,-30.91235798227016
673,3033.0,48.96445555073447,3033.0,-30.96445555073447
674,3037.5,49.016494621584556,3037.5,-31.016494621584556
675,3042.0,49.068449196991594,3042.0,-31.068449196991594
676,3046.5,49.12029327912676,3046.5,-31.120293279126763
677,3051.0,49.17201120852319,3051.0,-31.172011208523188
678,3055.5,49.2236417158364,3055.5,-31.2236417158364
679,3060.0,49.275241355057915,3060.0,-31.275241355057915
680,3064.5,49.32686669051764,3064.5,-31.32686669051764
681,3069.0,49.37857428654551,3069.0,-31.378574286545508
682,3073.5,49.4304207074714,3073.5,-31.4304207074714
683,3078.0,49.48246251762524,3078.0,-31.482462517625237
684,3082.5,49.534756281336925,3082.5,-31.534756281336925
685,3087.0,49.58735856293635,3087.0,-31.587358562936352
686,3091.5,49.64032592675345,3091.5,-31.640325926753448
687,3096.0,49.693691493020275,3096.0,-31.693691493020275
688,3100.5,49.74732488430996,3100.5,-31.74732488430996
689,3105.0,49.80102609840574,3105.0,-31.801026098405742
690,3109.5,49.85459487581681,3109.5,-31.854594875816808
691,3114.0,49.90783095705239,3114.0,-31.90783095705239
692,3118.5,49.96053408262166,3118.5,-31.960534082621663
693,3123.0,50.01250399303384,3123.0,-32.01250399303384
694,3127.5,50.06354042879812,3127.5,-32.06354042879812
695,3132.0,50.1134431304237,3132.0,-32.1134431304237
696,3136.5,50.16201183841978,3136.5,-32.16201183841978
697,3141.0,50.20907878446208,3141.0,-32.20907878446208
698,3145.5,50.25478150296464,3145.5,-32.25478150296464
699,3150.0,50.299424807081564,3150.0,-32.299424807081564
700,3154.5,50.343315223368336,3154.5,-32.343315223368336
701,3159.0,50.38675927838038,3159.0,-32.38675927838038
702,3163.5,50.4300634986732,3163.5,-32.4300634986732
703,3168.0,50.4735344108022,3168.0,-32.4735344108022
704,3172.5,50.51747854132289,3172.5,-32.51747854132289
705,3177.0,50.56220241679071,3177.0,-32.56220241679071
706,3181.5,50.608012563761115,3181.5,-32.608012563761115
707,3186.0,50.6551959029366,3186.0,-32.6551959029366
708,3190.5,50.70378442177101,3190.5,-32.70378442177101
709,3195.0,50.75363182592392,3195.0,-32.75363182592392
710,3199.5,50.80458816281997,3199.5,-32.80458816281997
711,3204.0,50.85650347988375,3204.0,-32.85650347988375
712,3208.5,50.909227824539904,3208.5,-32.909227824539904
713,3213.0,50.96261124421303,3213.0,-32.96261124421303
714,3217.5,51.016503786327775,3217.5,-33.016503786327775
715,3222.0,51.07075549830874,3222.0,-33.07075549830874
716,3226.5,51.12521642758054,3226.5,-33.12521642758054
717,3231.0,51.179736764627755,3231.0,-33.179736764627755
718,3235.5,51.23416938164632,3235.5,-33.23416938164632
719,3240.0,51.28836953251518,3240.0,-33.28836953251518
720,3244.5,51.34219255390256,3244.5,-33.34219255390256
721,3249.0,51.39549378247667,3249.0,-33.39549378247667
722,3253.5,51.44812855490575,3253.5,-33.44812855490575
723,3258.0,51.49995220785806,3258.0,-33.49995220785806
724,3262.5,51.55082007800179,3262.5,-33.55082007800179
725,3267.0,51.60058750200518,3267.0,-33.60058750200518
726,3271.5,51.649109816536495,3271.5,-33.649109816536495
727,3276.0,51.696249172096806,3276.0,-33.696249172096806
728,3280.5,51.7420637395322,3280.5,-33.7420637395322
729,3285.0,51.78683240336404,3285.0,-33.78683240336404
730,3289.5,51.83084582241693,3289.5,-33.83084582241693
731,3294.0,51.87439465551552,3294.0,-33.87439465551552
732,3298.5,51.91776956148444,3298.5,-33.91776956148444
733,3303.0,51.96126119914831,3303.0,-33.96126119914831
734,3307.5,52.00516022733175,3307.5,-34.00516022733175
735,3312.0,52.0497573048594,3312.0,-34.0497573048594
736,3316.5,52.095343090555886,3316.5,-34.095343090555886
737,3321.0,52.14220477528381,3321.0,-34.14220477528381
738,3325.5,52.19046054094426,3325.5,-34.19046054094426
739,3330.0,52.23998689583508,3330.0,-34.23998689583508
740,3334.5,52.29064176214523,3334.5,-34.29064176214523
741,3339.0,52.342283062063586,3339.0,-34.342283062063586
742,3343.5,52.3947687177791,3343.5,-34.3947687177791
743,3348.0,52.447956651480666,3348.0,-34.447956651480666
744,3352.5,52.50170478535723,3352.5,-34.50170478535723
745,3357.0,52.55587104159768,3357.0,-34.55587104159768
746,3361.5,52.61031334239097,3361.5,-34.61031334239097
747,3366.0,52.66488954833634,3366.0,-34.66488954833634
748,3370.5,52.71945150705928,3370.5,-34.71945150705928
749,3375.0,52.77384009182375,3375.0,-34.77384009182375
750,3379.5,52.827895007971584,3379.5,-34.827895007971584
751,3384.0,52.88145596084465,3384.0,-34.88145596084465
752,3388.5,52.93436265578483,3388.5,-34.93436265578483
753,3393.0,52.986454798133984,3393.0,-34.986454798133984
754,3397.5,53.03757209323397,3397.5,-35.03757209323397
755,3402.0,53.08755424642665,3402.0,-35.08755424642665
756,3406.5,53.13624096305391,3406.5,-35.13624096305391
757,3411.0,53.183472454947974,3411.0,-35.183472454947974
758,3415.5,53.22922600290075,3415.5,-35.22922600290075
759,3420.0,53.27380076234198,3420.0,-35.27380076234198
760,3424.5,53.31754204263742,3424.5,-35.31754204263742
761,3429.0,53.36079515315287,3429.0,-35.36079515315287
762,3433.5,53.40390540325415,3433.5,-35.40390540325415
763,3438.0,53.44721810230702,3438.0,-35.44721810230702
764,3442.5,53.49107855967728,3442.5,-35.49107855967728
765,3447.0,53.5358320847307,3447.0,-35.5358320847307
766,3451.5,53.58182398683309,3451.5,-35.58182398683309
767,3456.0,53.62939948890423,3456.0,-35.62939948890423
768,3460.5,53.67875478090389,3460.5,-35.67875478090389
769,3465.0,53.72963126021517,3465.0,-35.72963126021517
770,3469.5,53.78168387818872,3469.5,-35.78168387818872
771,3474.0,53.834567586175154,3474.0,-35.834567586175154
772,3478.5,53.88793733552511,3478.5,-35.88793733552511
773,3483.0,53.94144807758923,3483.0,-35.94144807758923
774,3487.5,53.99475476371814,3487.5,-35.99475476371814
775,3492.0,54.047512345262476,3492.0,-36.047512345262476
776,3496.5,54.0993757735729,3496.5,-36.0993757735729
777,3501.0,54.150000000000006,3501.0,-36.150000000000006
778,3505.5,54.199123982515346,3505.5,-36.199123982515346
779,3510.0,54.24682270557401,3510.0,-36.24682270557401
780,3514.5,54.29325516025205,3514.5,-36.29325516025205
781,3519.0,54.33858033762546,3519.0,-36.33858033762546
782,3523.5,54.38295722877024,3523.5,-36.38295722877024
783,3528.0,54.42654482476243,3528.0,-36.42654482476243
784,3532.5,54.469502116678,3532.5,-36.469502116678
785,3537.0,54.511988095593,3537.0,-36.511988095593
786,3541.5,54.55416175258342,3541.5,-36.55416175258342
787,3546.0,54.59618207872528,3546.0,-36.59618207872528
788,3550.5,54.63820656751722,3550.5,-36.63820656751722
789,3555.0,54.680384833703364,3555.0,-36.680384833703364
790,3559.5,54.72286391020443,3559.5,-36.72286391020443
791,3564.0,54.76579082844354,3564.0,-36.76579082844354
792,3568.5,54.80931261984388,3568.5,-36.80931261984388
793,3573.0,54.853576315828576,3573.0,-36.853576315828576
794,3577.5,54.89872894782079,3577.5,-36.89872894782079
795,3582.0,54.944917547243655,3582.0,-36.944917547243655
796,3586.5,54.992289145520324,3586.5,-36.992289145520324
797,3591.0,55.04099077407395,3591.0,-37.04099077407395
798,3595.5,55.09112782012381,3595.5,-37.09112782012381
799,3600.0,55.142515246839224,3600.0,-37.142515246839224
800,3604.5,55.19484434153026,3604.5,-37.19484434153026
801,3609.0,55.24780593450615,3609.0,-37.24780593450615
802,3613.5,55.30109085607612,3613.5,-37.30109085607612
803,3618.0,55.35438993654941,3618.0,-37.35438993654941
804,3622.5,55.40739400623522,3622.5,-37.40739400623522
805,3627.0,55.4597938954428,3627.0,-37.4597938954428
806,3631.5,55.51128043448134,3631.5,-37.51128043448134
807,3636.0,55.561544453660105,3636.0,-37.561544453660105
808,3640.5,55.61031030902235,3640.5,-37.61031030902235
809,3645.0,55.65761738064738,3645.0,-37.65761738064738
810,3649.5,55.703677653760856,3649.5,-37.703677653760856
811,3654.0,55.748704881547084,3654.0,-37.748704881547084
812,3658.5,55.79291281719032,3658.5,-37.79291281719032
813,3663.0,55.836515213874904,3663.0,-37.836515213874904
814,3667.5,55.87972582478507,3667.5,-37.87972582478507
815,3672.0,55.92275840310515,3672.0,-37.92275840310515
816,3676.5,55.96582670201942,3676.5,-37.96582670201942
817,3681.0,56.00914447471217,3681.0,-38.00914447471217
818,3685.5,56.05291165948421,3685.5,-38.05291165948421
819,3690.0,56.097148560874565,3690.0,-38.097148560874565
820,3694.5,56.141749860618894,3694.5,-38.141749860618894
821,3699.0,56.186607662748635,3699.0,-38.186607662748635
822,3703.5,56.23161407129523,3703.5,-38.23161407129523
823,3708.0,56.276661190290135,3708.0,-38.276661190290135
824,3712.5,56.32164112376478,3712.5,-38.32164112376478
825,3717.0,56.366445975750636,3717.0,-38.366445975750636
826,3721.5,56.41096785027911,3721.5,-38.41096785027911
827,3726.0,56.45509885138167,3726.0,-38.45509885138167
828,3730.5,56.49873989312712,3730.5,-38.49873989312712
829,3735.0,56.541957036997225,3735.0,-38.541957036997225
830,3739.5,56.5849630152807,3739.5,-38.5849630152807
831,3744.0,56.627975658667424,3744.0,-38.627975658667424
832,3748.5,56.671212797847375,3748.5,-38.671212797847375
833,3753.0,56.71489226351045,3753.0,-38.71489226351045
834,3757.5,56.7592318863466,3757.5,-38.7592318863466
835,3762.0,56.80444949704573,3762.0,-38.80444949704573
836,3766.5,56.850762926297776,3766.5,-38.850762926297776
837,3771.0,56.898390004792695,3771.0,-38.898390004792695
838,3775.5,56.94754005911313,3775.5,-38.94754005911313
839,3780.0,56.998177769684766,3780.0,-38.998177769684766
840,3784.5,57.049992351891575,3784.5,-39.049992351891575
841,3789.0,57.10265832602021,3789.0,-39.10265832602021
842,3793.5,57.15585021235736,3793.5,-39.15585021235736
843,3798.0,57.209242531189695,3798.0,-39.209242531189695
844,3802.5,57.26250980280388,3802.5,-39.26250980280388
845,3807.0,57.315326547486585,3807.0,-39.315326547486585
846,3811.5,57.36736728552449,3811.5,-39.36736728552449
847,3816.0,57.418306537204245,3816.0,-39.418306537204245
848,3820.5,57.46782309968683,3820.5,-39.46782309968683
849,3825.0,57.515804200929125,3825.0,-39.515804200929125
850,3829.5,57.562435113565634,3829.5,-39.562435113565634
851,3834.0,57.60792403160409,3834.0,-39.60792403160409
852,3838.5,57.652479149052255,3838.5,-39.652479149052255
853,3843.0,57.69630865991782,3843.0,-39.69630865991782
854,3847.5,57.739620758208524,3847.5,-39.739620758208524
855,3852.0,57.78262363793211,3852.0,-39.78262363793211
856,3856.5,57.8255254930963,3856.5,-39.8255254930963
857,3861.0,57.86853451770881,3861.0,-39.86853451770881
858,3865.5,57.911857967426805,3865.5,-39.911857967426805
859,3870.0,57.95561148708847,3870.0,-39.95561148708847
860,3874.5,57.999743521361204,3874.5,-39.999743521361204
861,3879.0,58.04418472100526,3879.0,-40.04418472100526
862,3883.5,58.088865736780896,3883.5,-40.088865736780896
863,3888.0,58.133717219448336,3888.0,-40.133717219448336
864,3892.5,58.17866981976782,3892.5,-40.17866981976782
865,3897.0,58.22365418849962,3897.0,-40.22365418849962
866,3901.5,58.26860097640397,3901.5,-40.26860097640397
867,3906.0,58.313440834241085,3906.0,-40.313440834241085
868,3910.5,58.35810455156633,3910.5,-40.35810455156633
869,3915.0,58.4025604793542,3915.0,-40.4025604793542
870,3919.5,58.44686517285409,3919.5,-40.44686517285409
871,3924.0,58.49108783501732,3924.0,-40.49108783501732
872,3928.5,58.53529766879518,3928.5,-40.53529766879518
873,3933.0,58.57956387713896,3933.0,-40.57956387713896
874,3937.5,58.62395566299995,3937.5,-40.62395566299995
875,3942.0,58.668542229329475,3942.0,-40.668542229329475
876,3946.5,58.71339277907881,3946.5,-40.71339277907881
877,3951.0,58.758576515199245,3951.0,-40.758576515199245
878,3955.5,58.80416260599828,3955.5,-40.80416260599828
879,3960.0,58.85016049384412,3960.0,-40.85016049384412
880,3964.5,58.89639735998763,3964.5,-40.89639735998763
881,3969.0,58.94266574186337,3969.0,-40.94266574186337
882,3973.5,58.988758176905925,3973.5,-40.988758176905925
883,3978.0,59.034467202549834,3978.0,-41.034467202549834
884,3982.5,59.0795853562297,3982.5,-41.0795853562297
885,3987.0,59.123905175380074,3987.0,-41.123905175380074
886,3991.5,59.167219197435536,3991.5,-41.167219197435536
887,3996.0,59.20931995983066,3996.0,-41.20931995983066
888,4000.5,59.25,4000.5,-41.25
889,4005.0,59.28914021584448,4005.0,-41.28914021584448
890,4009.5,59.32697494713035,4009.5,-41.32697494713035
891,4014.0,59.36382689409021,4014.0,-41.36382689409021
892,4018.5,59.40001875695661,4018.5,-41.40001875695661
893,4023.0,59.4358732359622,4023.0,-41.4358732359622
894,4027.5,59.47171303133952,4027.5,-41.47171303133952
895,4032.0,59.50786084332118,4032.0,-41.50786084332118
896,4036.5,59.54463937213979,4036.5,-41.54463937213979
897,4041.0,59.58237131802792,4041.0,-41.58237131802792
898,4045.5,59.62137938121815,4045.5,-41.62137938121815
899,4050.0,59.66191987771545,4050.0,-41.66191987771545
900,4054.5,59.70389987610323,4054.5,-41.70389987610323
901,4059.0,59.7471119985564,4059.0,-41.7471119985564
902,4063.5,59.791348800865734,4063.5,-41.791348800865734
903,4068.0,59.83640283882194,4068.0,-41.83640283882194
904,4072.5,59.88206666821576,4072.5,-41.88206666821576
905,4077.0,59.9281328448379,4077.0,-41.9281328448379
906,4081.5,59.974393924479074,4081.5,-41.974393924479074
907,4086.0,60.020642462930056,4086.0,-42.020642462930056
908,4090.5,60.06667101598156,4090.5,-42.06667101598156
909,4095.0,60.11229738638817,4095.0,-42.11229738638817
910,4099.5,60.15751544763747,4099.5,-42.15751544763747
911,4104.0,60.20239405219753,4104.0,-42.20239405219753
912,4108.5,60.24700232959503,4108.5,-42.24700232959503
913,4113.0,60.29140940935663,4113.0,-42.29140940935663
914,4117.5,60.33568442100903,4117.5,-42.33568442100903
915,4122.0,60.37989649407885,4122.0,-42.37989649407885
916,4126.5,60.424114758092784,4126.5,-42.424114758092784
917,4131.0,60.46840834257749,4131.0,-42.46840834257749
918,4135.5,60.51284637705965,4135.5,-42.51284637705965
919,4140.0,60.557489130540866,4140.0,-42.557489130540866
920,4144.5,60.602313614237474,4144.5,-42.602313614237474
921,4149.0,60.647251221506316,4149.0,-42.647251221506316
922,4153.5,60.69223287844999,4153.5,-42.69223287844999
923,4158.0,60.737189511171124,4158.0,-42.737189511171124
924,4162.5,60.78205204577228,4162.5,-42.78205204577228
925,4167.0,60.8267514083561,4167.0,-42.8267514083561
926,4171.5,60.87121852502517,4171.5,-42.87121852502517
927,4176.0,60.91538432188206,4176.0,-42.91538432188206
928,4180.5,60.95917972502941,4180.5,-42.95917972502941
929,4185.0,61.002528715222795,4185.0,-43.002528715222795
930,4189.5,61.04526496345766,4189.5,-43.04526496345766
931,4194.0,61.08715898464398,4194.0,-43.08715898464398
932,4198.5,61.12797999776683,4198.5,-43.12797999776683
933,4203.0,61.1674972218113,4203.0,-43.1674972218113
934,4207.5,61.20547987576249,4207.5,-43.20547987576249
935,4212.0,61.24169717860553,4212.0,-43.24169717860553
936,4216.5,61.27591834932549,4216.5,-43.27591834932549
937,4221.0,61.30791260690748,4221.0,-43.30791260690748
938,4225.5,61.3374491703366,4225.5,-43.3374491703366
939,4230.0,61.36430664631651,4230.0,-43.36430664631651
940,4234.5,61.388439617811905,4234.5,-43.388439617811905
941,4239.0,61.40995895591666,4239.0,-43.40995895591666
942,4243.5,61.42898096443208,4243.5,-43.42898096443208
943,4248.0,61.445621947159516,4248.0,-43.445621947159516
944,4252.5,61.45999820790031,4252.5,-43.45999820790031
945,4257.0,61.472226050455795,4257.0,-43.472226050455795
946,4261.5,61.482421778627305,4261.5,-43.482421778627305
947,4266.0,61.49070169621617,4266.0,-43.49070169621617
948,4270.5,61.49718210702374,4270.5,-43.49718210702374
949,4275.0,61.501980679882095,4275.0,-43.501980679882095
950,4279.5,61.50525435282867,4279.5,-43.50525435282867
951,4284.0,61.50720427997767,4284.0,-43.50720427997767
952,4288.5,61.50803397421646,4288.5,-43.50803397421646
953,4293.0,61.507946948432426,4293.0,-43.507946948432426
954,4297.5,61.50714671551297,4297.5,-43.50714671551297
955,4302.0,61.505836788345455,4302.0,-43.505836788345455
956,4306.5,61.50422067981727,4306.5,-43.50422067981727
957,4311.0,61.502501902815816,4311.0,-43.502501902815816
958,4315.5,61.50088397022848,4315.5,-43.50088397022848
959,4320.0,61.49956832753199,4320.0,-43.49956832753199
960,4324.5,61.49865566623823,4324.5,-43.49865566623823
961,4329.0,61.49810260518083,4329.0,-43.49810260518083
962,4333.5,61.497854683164555,4333.5,-43.497854683164555
963,4338.0,61.49785743899421,4338.0,-43.49785743899421
964,4342.5,61.49805641147458,4342.5,-43.49805641147458
965,4347.0,61.49839713941043,4347.0,-43.49839713941043
966,4351.5,61.498825161606554,4351.5,-43.498825161606554
967,4356.0,61.49928601686774,4356.0,-43.49928601686774
968,4360.5,61.49972524399877,4360.5,-43.49972524399877
969,4365.0,61.50008861438812,4365.0,-43.50008861438812
970,4369.5,61.50034460648435,4369.5,-43.50034460648435
971,4374.0,61.50050314170492,4374.0,-43.50050314170492
972,4378.5,61.500578551943335,4378.5,-43.500578551943335
973,4383.0,61.50058516909305,4383.0,-43.50058516909305
974,4387.5,61.50053732504755,4387.5,-43.50053732504755
975,4392.0,61.50044935170032,4392.0,-43.50044935170032
976,4396.5,61.500335580944814,4396.5,-43.500335580944814
977,4401.0,61.50021034467453,4401.0,-43.50021034467453
978,4405.5,61.500087974782936,4405.5,-43.500087974782936
979,4410.0,61.49998278593511,4410.0,-43.49998278593511
980,4414.5,61.49990443035442,4414.5,-43.49990443035442
981,4419.0,61.49985161160208,4419.0,-43.49985161160208
982,4423.5,61.49982146329945,4423.5,-43.49982146329945
983,4428.0,61.49981111906778,4428.0,-43.49981111906778
984,4432.5,61.49981771252841,4432.5,-43.49981771252841
985,4437.0,61.49983837730266,4437.0,-43.49983837730266
986,4441.5,61.49987024701178,4441.5,-43.49987024701178
987,4446.0,61.499910455277124,4446.0,-43.499910455277124
988,4450.5,61.49995613571998,4450.5,-43.49995613571998
989,4455.0,61.50000442196162,4455.0,-43.50000442196162
990,4459.5,61.5000524476234,4459.5,-43.5000524476234
991,4464.0,61.50009734632661,4464.0,-43.50009734632661
992,4468.5,61.50013625169254,4468.5,-43.50013625169254
993,4473.0,61.5001662973425,4473.0,-43.5001662973425
994,4477.5,61.500184616897805,4477.5,-43.500184616897805
995,4482.0,61.500188343979744,4482.0,-43.500188343979744
996,4486.5,61.50017461220963,4486.5,-43.50017461220963
997,4491.0,61.50014055520876,4491.0,-43.50014055520876
998,4495.5,61.50008330659846,4495.5,-43.50008330659846
999,4500.0,61.5,4500.0,-43.5
