,100_top_x,100_top_y,100_bottom_x,100_bottom_y
0,4.5,121.5,4.5,-103.5
1,9.0,102.93487254806426,9.0,-84.93487254806426
2,13.5,86.56215489049949,13.5,-68.56215489049949
3,18.0,72.25273289952308,18.0,-54.25273289952308
4,22.5,59.87749244735253,22.5,-41.87749244735253
5,27.0,49.30731940620528,27.0,-31.30731940620528
6,31.5,40.41309964829874,31.5,-22.41309964829874
7,36.0,33.06571904585036,36.0,-15.065719045850361
8,40.5,27.13606347107761,40.5,-9.136063471077609
9,45.0,22.495018796197904,45.0,-4.495018796197902
10,49.5,19.013470893428686,49.5,-1.0134708934286856
11,54.0,16.56230563498741,54.0,1.4376943650125913
12,58.5,15.012408893091504,58.5,2.9875911069084955
13,63.0,14.234666539958415,63.0,3.7653334600415844
14,67.5,14.09996444780559,67.5,3.9000355521944092
15,72.0,14.479188488850465,72.0,3.5208115111495353
16,76.5,15.243224535310484,76.5,2.7567754646895164
17,81.0,16.262958459403087,81.0,1.7370415405969144
18,85.5,17.409276133345713,85.5,0.5907238666542867
19,90.0,18.55306342935581,90.0,-0.5530634293558112
20,94.5,19.56520621965082,94.5,-1.56520621965082
21,99.0,20.331738015001246,99.0,-2.331738015001246
22,103.5,20.844331001628603,103.5,-2.844331001628605
23,108.0,21.13964315103204,108.0,-3.1396431510320397
24,112.5,21.25449866394036,112.5,-3.2544986639403586
25,117.0,21.225721741082367,117.0,-3.2257217410823653
26,121.5,21.09013658318686,121.5,-3.0901365831868617
27,126.0,20.88456739098266,126.0,-2.88456739098266
28,130.5,20.645838365198564,130.5,-2.645838365198564
29,135.0,20.41077370656338,135.0,-2.410773706563379
30,139.5,20.216197615805907,139.5,-2.216197615805907
31,144.0,20.09577269276702,144.0,-2.095772692767019
32,148.5,20.053453603944142,148.5,-2.053453603944142
33,153.0,20.07691771126323,153.0,-2.0769177112632313
34,157.5,20.153675651603415,157.5,-2.153675651603413
35,162.0,20.27123806184382,162.0,-2.271238061843821
36,166.5,20.417115578863587,166.5,-2.417115578863589
37,171.0,20.578818839541846,171.0,-2.578818839541846
38,175.5,20.743858480757723,175.5,-2.743858480757723
39,180.0,20.89974513939035,180.0,-2.899745139390351
40,184.5,21.03398945231886,184.5,-3.0339894523188597
41,189.0,21.134882783631436,189.0,-3.1348827836314364
42,193.5,21.200868227306543,193.5,-3.200868227306543
43,198.0,21.237488259727986,198.0,-3.2374882597279857
44,202.5,21.250431032327327,202.5,-3.2504310323273273
45,207.0,21.245384696536114,207.0,-3.2453846965361137
46,211.5,21.228037403785905,211.5,-3.2280374037859065
47,216.0,21.204077305508264,216.0,-3.2040773055082656
48,220.5,21.17919255313474,220.5,-3.1791925531347403
49,225.0,21.159071298096894,225.0,-3.159071298096894
50,229.5,21.149401691826284,229.5,-3.1494016918262844
51,234.0,21.155641813197207,234.0,-3.1556418131972084
52,238.5,21.17893694578632,238.5,-3.178936945786317
53,243.0,21.216602091152367,243.0,-3.2166020911523656
54,247.5,21.265819107013108,247.5,-3.2658191070131064
55,252.0,21.323769851086293,252.0,-3.3237698510862934
56,256.5,21.38763618108969,256.5,-3.3876361810896896
57,261.0,21.45459995474105,261.0,-3.454599954741049
58,265.5,21.521843029758124,265.5,-3.5218430297581254
59,270.0,21.586547263858677,270.0,-3.5865472638586784
60,274.5,21.645894514760457,274.5,-3.6458945147604584
61,279.0,21.697109046391592,279.0,-3.697109046391592
62,283.5,21.738635064540013,283.5,-3.7386350645400146
63,288.0,21.770290396959837,288.0,-3.7702903969598367
64,292.5,21.791966149336687,292.5,-3.7919661493366874
65,297.0,21.803553427356192,297.0,-3.803553427356192
66,301.5,21.804943336703975,301.5,-3.8049433367039747
67,306.0,21.79602698306566,306.0,-3.7960269830656603
68,310.5,21.77669547212688,310.5,-3.7766954721268817
69,315.0,21.746839909573264,315.0,-3.7468399095732643
70,319.5,21.70635140109043,319.5,-3.70635140109043
71,324.0,21.65515151015259,324.0,-3.6551515101525887
72,328.5,21.594646141524564,328.5,-3.594646141524562
73,333.0,21.528363727113206,333.0,-3.528363727113206
74,337.5,21.459995933536096,337.5,-3.4599959335360957
75,342.0,21.393234427410807,342.0,-3.393234427410807
76,346.5,21.331770875354895,346.5,-3.331770875354895
77,351.0,21.27929694398594,351.0,-3.2792969439859405
78,355.5,21.239504299921506,355.5,-3.2395042999215047
79,360.0,21.21608460977916,360.0,-3.216084609779159
80,364.5,21.21272954017648,364.5,-3.212729540176479
81,369.0,21.23311017836012,369.0,-3.2331101783601213
82,373.5,21.278888455217324,373.5,-3.2788884552173236
83,378.0,21.3480593626197,378.0,-3.348059362619699
84,382.5,21.43822764659059,382.5,-3.4382276465905903
85,387.0,21.546998053153334,387.0,-3.5469980531533345
86,391.5,21.67197532833128,391.5,-3.6719753283312766
87,396.0,21.810764218147767,396.0,-3.8107642181477672
88,400.5,21.96096946862614,400.5,-3.960969468626141
89,405.0,22.120195825789743,405.0,-4.120195825789743
90,409.5,22.28604803566192,409.5,-4.286048035661919
91,414.0,22.456128614236853,414.0,-4.456128614236855
92,418.5,22.627436575869154,418.5,-4.6274365758691545
93,423.0,22.79555375138653,423.0,-4.795553751386532
94,427.5,22.955858760210123,427.5,-4.955858760210123
95,432.0,23.10373022176107,432.0,-5.103730221761069
96,436.5,23.234546755460492,436.5,-5.234546755460492
97,441.0,23.343686980729537,441.0,-5.343686980729537
98,445.5,23.42652951698932,445.5,-5.426529516989321
99,450.0,23.478452983660993,450.0,-5.478452983660992
100,454.5,23.494836000165677,454.5,-5.494836000165677
101,459.0,23.471058843780604,459.0,-5.471058843780602
102,463.5,23.405359935672855,463.5,-5.405359935672855
103,468.0,23.3046996778707,468.0,-5.304699677870701
104,472.5,23.177696328487023,472.5,-5.177696328487022
105,477.0,23.03296814563468,477.0,-5.03296814563468
106,481.5,22.879133387426563,481.5,-4.879133387426563
107,486.0,22.724810311975546,486.0,-4.724810311975546
108,490.5,22.578617177394506,490.5,-4.578617177394504
109,495.0,22.44917224179631,495.0,-4.4491722417963135
110,499.5,22.345093763293853,499.5,-4.345093763293853
111,504.0,22.275,504.0,-4.274999999999997
112,508.5,22.24540403796204,508.5,-4.245404037962038
113,513.0,22.2543982749649,513.0,-4.254398274964901
114,517.5,22.29796993672793,517.5,-4.297969936727931
115,522.0,22.372106248970464,522.0,-4.372106248970464
116,526.5,22.47279443741185,526.5,-4.472794437411849
117,531.0,22.596021727771426,531.0,-4.596021727771426
118,535.5,22.737775345768533,535.5,-4.737775345768531
119,540.0,22.894042517122507,540.0,-4.8940425171225055
120,544.5,23.0608104675527,544.5,-5.060810467552697
121,549.0,23.234066422778444,549.0,-5.234066422778444
122,553.5,23.40953079833598,553.5,-5.409530798335979
123,558.0,23.581520321388183,558.0,-5.581520321388181
124,562.5,23.743891738342267,562.5,-5.743891738342267
125,567.0,23.890501528795248,567.0,-5.89050152879525
126,571.5,24.01520617234415,571.5,-6.015206172344149
127,576.0,24.111862148585992,576.0,-6.111862148585992
128,580.5,24.174325937117793,580.5,-6.174325937117791
129,585.0,24.196454017536574,585.0,-6.196454017536574
130,589.5,24.172102869439364,589.5,-6.172102869439364
131,594.0,24.095128972423176,594.0,-6.095128972423176
132,598.5,23.96103999997051,598.5,-5.961039999970508
133,603.0,23.776858947530602,603.0,-5.776858947530602
134,607.5,23.55451256194098,607.5,-5.55451256194098
135,612.0,23.30594571013666,612.0,-5.305945710136658
136,616.5,23.04310325905268,616.5,-5.0431032590526765
137,621.0,22.777930075624052,621.0,-4.777930075624052
138,625.5,22.522371026785812,625.5,-4.522371026785812
139,630.0,22.28837097947299,630.0,-4.28837097947299
140,634.5,22.087874800620604,634.5,-4.087874800620604
141,639.0,21.93282735716369,639.0,-3.9328273571636885
142,643.5,21.833928396777672,643.5,-3.833928396777674
143,648.0,21.790177923470203,648.0,-3.7901779234702015
144,652.5,21.794165522560867,652.5,-3.7941655225608653
145,657.0,21.83841511878329,657.0,-3.8384151187832867
146,661.5,21.915450636871093,661.5,-3.915450636871091
147,666.0,22.01779600155792,666.0,-4.017796001557917
148,670.5,22.13797513757739,670.5,-4.1379751375773886
149,675.0,22.268511969663123,675.0,-4.268511969663125
150,679.5,22.401930422548766,679.5,-4.401930422548766
151,684.0,22.530754420967934,684.0,-4.530754420967934
152,688.5,22.64790438268686,688.5,-4.647904382686862
153,693.0,22.75145629085199,693.0,-4.751456290851991
154,697.5,22.843091556506813,697.5,-4.843091556506812
155,702.0,22.924565571902065,702.0,-4.924565571902065
156,706.5,22.997633729288495,706.5,-4.997633729288495
157,711.0,23.064051420916847,711.0,-5.064051420916849
158,715.5,23.125574039037865,715.5,-5.125574039037865
159,720.0,23.18395697590228,720.0,-5.18395697590228
160,724.5,23.240955623760847,724.5,-5.240955623760849
161,729.0,23.298325374864312,729.0,-5.29832537486431
162,733.5,23.35776274536637,733.5,-5.357762745366369
163,738.0,23.41986059717594,738.0,-5.419860597175939
164,742.5,23.48423161421617,742.5,-5.4842316142161724
165,747.0,23.550454408594803,747.0,-5.550454408594801
166,751.5,23.618107592419577,751.5,-5.618107592419577
167,756.0,23.686769777798233,756.0,-5.686769777798231
168,760.5,23.75601957683851,760.5,-5.756019576838513
169,765.0,23.825435601648152,765.0,-5.825435601648154
170,769.5,23.8945964643349,769.5,-5.894596464334899
171,774.0,23.963080777006496,774.0,-5.963080777006494
172,778.5,24.030479509244508,778.5,-6.030479509244506
173,783.0,24.096739130437804,783.0,-6.096739130437804
174,787.5,24.16220639326773,787.5,-6.1622063932677325
175,792.0,24.22724940413041,792.0,-6.22724940413041
176,796.5,24.292236269421963,796.5,-6.292236269421961
177,801.0,24.357535095538523,801.0,-6.3575350955385215
178,805.5,24.423513988876206,805.5,-6.423513988876206
179,810.0,24.490541055831144,810.0,-6.490541055831143
180,814.5,24.55898440279946,814.5,-6.55898440279946
181,819.0,24.62921213617728,819.0,-6.62921213617728
182,823.5,24.701580989305178,823.5,-6.701580989305176
183,828.0,24.77589343676945,828.0,-6.775893436769451
184,832.5,24.851159393347466,832.5,-6.8511593933474675
185,837.0,24.92632782134698,837.0,-6.9263278213469786
186,841.5,25.000347683075756,841.5,-7.000347683075756
187,846.0,25.07216794084154,846.0,-7.072167940841538
188,850.5,25.1407375569521,850.5,-7.1407375569521
189,855.0,25.205005493715195,855.0,-7.205005493715195
190,859.5,25.263920713438573,859.5,-7.263920713438573
191,864.0,25.316432178429995,864.0,-7.316432178429995
192,868.5,25.361502412489028,868.5,-7.361502412489028
193,873.0,25.39941794283738,873.0,-7.399417942837381
194,877.5,25.432881753625406,877.5,-7.432881753625406
195,882.0,25.464853995070296,882.0,-7.464853995070296
196,886.5,25.498294817389233,886.5,-7.498294817389233
197,891.0,25.536164370799405,891.0,-7.536164370799405
198,895.5,25.581422805517988,895.5,-7.581422805517988
199,900.0,25.637030271762168,900.0,-7.637030271762168
200,904.5,25.70594691974913,904.5,-7.705946919749131
201,909.0,25.79113289969606,909.0,-7.791132899696059
202,913.5,25.895534588002565,913.5,-7.895534588002565
203,918.0,26.01837082168717,918.0,-8.01837082168717
204,922.5,26.150107176699862,922.5,-8.150107176699862
205,927.0,26.27995408986414,927.0,-8.279954089864141
206,931.5,26.39712199800351,931.5,-8.39712199800351
207,936.0,26.490821337941483,936.0,-8.490821337941483
208,940.5,26.550262546501564,940.5,-8.550262546501564
209,945.0,26.564656060507268,945.0,-8.564656060507268
210,949.5,26.523212316782086,949.5,-8.523212316782086
211,954.0,26.41514175214954,954.0,-8.415141752149541
212,958.5,26.22965833641806,958.5,-8.229658336418058
213,963.0,25.9620669054083,963.0,-7.9620669054082995
214,967.5,25.626259328635992,967.5,-7.626259328635992
215,972.0,25.239660460542762,972.0,-7.239660460542762
216,976.5,24.819695155570216,976.5,-6.819695155570216
217,981.0,24.383788268159982,981.0,-6.383788268159984
218,985.5,23.949364652753673,985.5,-5.949364652753671
219,990.0,23.5338491637929,990.0,-5.533849163792899
220,994.5,23.154666655719282,994.5,-5.154666655719284
221,999.0,22.829241982974445,999.0,-4.829241982974445
222,1003.5,22.574999999999996,1003.5,-4.5749999999999975
223,1008.0,22.404599148312872,1008.0,-4.404599148312872
224,1012.5,22.311632217731272,1012.5,-4.311632217731271
225,1017.0,22.284925585148713,1017.0,-4.284925585148713
226,1021.5,22.31330562745871,1021.5,-4.313305627458712
227,1026.0,22.385598721554782,1026.0,-4.385598721554782
228,1030.5,22.490631244330448,1030.5,-4.490631244330448
229,1035.0,22.617229572679218,1035.0,-4.617229572679218
230,1039.5,22.754220083494616,1039.5,-4.754220083494616
231,1044.0,22.890429153670155,1044.0,-4.890429153670155
232,1048.5,23.01468316009935,1048.5,-5.014683160099349
233,1053.0,23.117606147069928,1053.0,-5.11760614706993
234,1057.5,23.19927968703054,1057.5,-5.199279687030538
235,1062.0,23.26288453101744,1062.0,-5.2628845310174395
236,1066.5,23.311603227734288,1066.5,-5.311603227734286
237,1071.0,23.34861832588473,1071.0,-5.348618325884731
238,1075.5,23.377112374172427,1075.5,-5.3771123741724285
239,1080.0,23.400267921301037,1080.0,-5.4002679213010385
240,1084.5,23.421267515974215,1084.5,-5.421267515974215
241,1089.0,23.44329370689561,1089.0,-5.443293706895609
242,1093.5,23.469529042768873,1093.5,-5.4695290427688725
243,1098.0,23.50276344077244,1098.0,-5.502763440772441
244,1102.5,23.543048630602918,1102.5,-5.543048630602916
245,1107.0,23.58927029634357,1107.0,-5.589270296343569
246,1111.5,23.640309813364105,1111.5,-5.640309813364105
247,1116.0,23.695048557034212,1116.0,-5.695048557034212
248,1120.5,23.752367902723584,1120.5,-5.752367902723584
249,1125.0,23.811149225801927,1125.0,-5.811149225801925
250,1129.5,23.870273901638917,1129.5,-5.870273901638916
251,1134.0,23.92862330560426,1134.0,-5.928623305604258
252,1138.5,23.985078813067652,1138.5,-5.98507881306765
253,1143.0,24.038620191123,1143.0,-6.0386201911230035
254,1147.5,24.08915174316348,1147.5,-6.08915174316348
255,1152.0,24.13708433622491,1152.0,-6.137084336224909
256,1156.5,24.182834025969196,1156.5,-6.182834025969196
257,1161.0,24.226816868058236,1161.0,-6.226816868058238
258,1165.5,24.26944891815395,1165.5,-6.269448918153952
259,1170.0,24.311146231918233,1170.0,-6.311146231918233
260,1174.5,24.352324865012996,1174.5,-6.3523248650129975
261,1179.0,24.39340087310014,1179.0,-6.393400873100141
262,1183.5,24.434790311841574,1183.5,-6.434790311841576
263,1188.0,24.476886743615424,1188.0,-6.476886743615422
264,1192.5,24.51979125253256,1192.5,-6.51979125253256
265,1197.0,24.563400384651068,1197.0,-6.563400384651068
266,1201.5,24.607606489031454,1201.5,-6.607606489031452
267,1206.0,24.652301914734224,1206.0,-6.652301914734224
268,1210.5,24.697379010819894,1210.5,-6.697379010819894
269,1215.0,24.742730126348984,1215.0,-6.7427301263489845
270,1219.5,24.788247610381998,1219.5,-6.7882476103819975
271,1224.0,24.833823811979453,1224.0,-6.833823811979453
272,1228.5,24.87935108020186,1228.5,-6.879351080201861
273,1233.0,24.924725069267723,1233.0,-6.924725069267723
274,1237.5,24.969903389806117,1237.5,-6.969903389806117
275,1242.0,25.01489867720591,1242.0,-7.01489867720591
276,1246.5,25.05972547956315,1246.5,-7.0597254795631486
277,1251.0,25.104398344973873,1251.0,-7.104398344973873
278,1255.5,25.14893182153413,1255.5,-7.148931821534131
279,1260.0,25.193340457339954,1260.0,-7.1933404573399535
280,1264.5,25.237638800487403,1264.5,-7.237638800487403
281,1269.0,25.2818413990725,1269.0,-7.281841399072501
282,1273.5,25.325962801191306,1273.5,-7.325962801191306
283,1278.0,25.370018101372036,1278.0,-7.370018101372036
284,1282.5,25.41403811390394,1282.5,-7.414038113903938
285,1287.0,25.45807135310753,1287.0,-7.458071353107531
286,1291.5,25.502167277538117,1291.5,-7.502167277538117
287,1296.0,25.546375345751017,1296.0,-7.5463753457510165
288,1300.5,25.590745016301554,1300.5,-7.590745016301554
289,1305.0,25.63532574774503,1305.0,-7.6353257477450285
290,1309.5,25.68016699863677,1309.5,-7.680166998636771
291,1314.0,25.725318227532096,1314.0,-7.725318227532096
292,1318.5,25.77082889298631,1318.5,-7.770828892986309
293,1323.0,25.816746355155562,1323.0,-7.816746355155562
294,1327.5,25.863015710023465,1327.5,-7.863015710023465
295,1332.0,25.909435821380818,1332.0,-7.909435821380818
296,1336.5,25.95579430691031,1336.5,-7.95579430691031
297,1341.0,26.001878784294632,1341.0,-8.001878784294632
298,1345.5,26.047476871216478,1345.5,-8.047476871216478
299,1350.0,26.092376185358546,1350.0,-8.092376185358546
300,1354.5,26.13636434440352,1354.5,-8.136364344403521
301,1359.0,26.179228966034092,1359.0,-8.179228966034092
302,1363.5,26.220757667932958,1363.5,-8.220757667932958
303,1368.0,26.26074001013952,1368.0,-8.260740010139521
304,1372.5,26.299155184260087,1372.5,-8.299155184260087
305,1377.0,26.336328481092252,1377.0,-8.336328481092252
306,1381.5,26.372622024272097,1381.5,-8.372622024272097
307,1386.0,26.408397937435705,1386.0,-8.408397937435705
308,1390.5,26.444018344219167,1390.5,-8.444018344219167
309,1395.0,26.479845368258566,1395.0,-8.479845368258566
310,1399.5,26.516241133189986,1399.5,-8.516241133189986
311,1404.0,26.553567762649507,1404.0,-8.553567762649507
312,1408.5,26.59218738027323,1408.5,-8.59218738027323
313,1413.0,26.632461386089197,1413.0,-8.632461386089197
314,1417.5,26.674555353704672,1417.5,-8.674555353704672
315,1422.0,26.718175003829238,1422.0,-8.718175003829238
316,1426.5,26.762960118391515,1426.5,-8.762960118391515
317,1431.0,26.808550479320143,1431.0,-8.808550479320143
318,1435.5,26.85458586854374,1435.5,-8.85458586854374
319,1440.0,26.900706067990942,1440.0,-8.900706067990942
320,1444.5,26.946550859590374,1444.5,-8.946550859590374
321,1449.0,26.991760025270665,1449.0,-8.991760025270665
322,1453.5,27.035973346960443,1453.5,-9.035973346960443
323,1458.0,27.078830677095794,1458.0,-9.078830677095794
324,1462.5,27.1200934229716,1462.5,-9.1200934229716
325,1467.0,27.15989393162289,1467.0,-9.15989393162289
326,1471.5,27.198435057543417,1471.5,-9.198435057543417
327,1476.0,27.235919655226926,1476.0,-9.235919655226926
328,1480.5,27.272550579167156,1480.5,-9.272550579167156
329,1485.0,27.30853068385784,1485.0,-9.308530683857839
330,1489.5,27.34406282379273,1489.5,-9.34406282379273
331,1494.0,27.379349853465555,1494.0,-9.379349853465555
332,1498.5,27.414594627370068,1498.5,-9.414594627370068
333,1503.0,27.450000000000003,1503.0,-9.450000000000003
334,1507.5,27.485732807962517,1507.5,-9.485732807962517
335,1512.0,27.521815816318433,1512.0,-9.521815816318433
336,1516.5,27.558235772241993,1516.5,-9.558235772241993
337,1521.0,27.594979422907432,1521.0,-9.594979422907432
338,1525.5,27.63203351548898,1525.5,-9.632033515488981
339,1530.0,27.669384797160884,1530.0,-9.669384797160884
340,1534.5,27.70702001509738,1534.5,-9.707020015097381
341,1539.0,27.744925916472706,1539.0,-9.744925916472706
342,1543.5,27.7830892484611,1543.5,-9.7830892484611
343,1548.0,27.821496758236798,1548.0,-9.821496758236798
344,1552.5,27.860118089246892,1552.5,-9.860118089246892
345,1557.0,27.898832902230016,1557.0,-9.898832902230016
346,1561.5,27.93749137109921,1561.5,-9.93749137109921
347,1566.0,27.97594365266376,1566.0,-9.975943652663759
348,1570.5,28.01403990373299,1570.5,-10.01403990373299
349,1575.0,28.05163028111621,1575.0,-10.05163028111621
350,1579.5,28.088564941622714,1579.5,-10.088564941622714
351,1584.0,28.124694042061822,1584.0,-10.124694042061822
352,1588.5,28.159867739242834,1588.5,-10.159867739242834
353,1593.0,28.193936189975062,1593.0,-10.193936189975062
354,1597.5,28.22677917494964,1597.5,-10.226779174949641
355,1602.0,28.258483069940354,1602.0,-10.258483069940354
356,1606.5,28.289222228367272,1606.5,-10.289222228367272
357,1611.0,28.319171328741124,1611.0,-10.319171328741124
358,1615.5,28.348505049572584,1615.5,-10.348505049572584
359,1620.0,28.37739806937236,1620.0,-10.377398069372362
360,1624.5,28.406025066651175,1624.5,-10.406025066651175
361,1629.0,28.434560719919702,1629.0,-10.434560719919702
362,1633.5,28.46317970768866,1633.5,-10.46317970768866
363,1638.0,28.49205670846874,1638.0,-10.492056708468741
364,1642.5,28.521348090180876,1642.5,-10.521348090180876
365,1647.0,28.551038165575317,1647.0,-10.551038165575317
366,1651.5,28.581016976475293,1651.5,-10.581016976475293
367,1656.0,28.61117359910651,1656.0,-10.611173599106511
368,1660.5,28.6413971096947,1660.5,-10.6413971096947
369,1665.0,28.671576584465562,1665.0,-10.671576584465562
370,1669.5,28.70160109964483,1669.5,-10.70160109964483
371,1674.0,28.731359731458216,1674.0,-10.731359731458216
372,1678.5,28.76074155613143,1678.5,-10.760741556131428
373,1683.0,28.789635649890194,1683.0,-10.789635649890194
374,1687.5,28.81794740746057,1687.5,-10.817947407460569
375,1692.0,28.84579441164885,1692.0,-10.84579441164885
376,1696.5,28.873442634190084,1696.5,-10.873442634190084
377,1701.0,28.90116109167072,1701.0,-10.90116109167072
378,1705.5,28.929218800677166,1705.5,-10.929218800677166
379,1710.0,28.95788477779586,1710.0,-10.957884777795861
380,1714.5,28.98742803961324,1714.5,-10.987428039613238
381,1719.0,29.01811760271572,1719.0,-11.01811760271572
382,1723.5,29.05022248368975,1723.5,-11.050222483689751
383,1728.0,29.084011699121735,1728.0,-11.084011699121735
384,1732.5,29.119709039584237,1732.5,-11.119709039584237
385,1737.0,29.156690517269084,1737.0,-11.156690517269084
386,1741.5,29.19357921498875,1741.5,-11.193579214988748
387,1746.0,29.228972043093965,1746.0,-11.228972043093965
388,1750.5,29.261465911935456,1750.5,-11.261465911935456
389,1755.0,29.289657731863976,1755.0,-11.289657731863976
390,1759.5,29.312144413230236,1759.5,-11.312144413230236
391,1764.0,29.327522866384985,1764.0,-11.327522866384985
392,1768.5,29.334390001678948,1768.5,-11.334390001678948
393,1773.0,29.33134272946286,1773.0,-11.331342729462861
394,1777.5,29.317076702959078,1777.5,-11.317076702959078
395,1782.0,29.293128210320717,1782.0,-11.293128210320717
396,1786.5,29.264232018798445,1786.5,-11.264232018798445
397,1791.0,29.235293523325044,1791.0,-11.235293523325044
398,1795.5,29.211218118833337,1795.5,-11.211218118833337
399,1800.0,29.196911200256125,1800.0,-11.196911200256125
400,1804.5,29.197278162526228,1804.5,-11.197278162526228
401,1809.0,29.21722440057643,1809.0,-11.21722440057643
402,1813.5,29.261655309339563,1813.5,-11.261655309339563
403,1818.0,29.33547628374842,1818.0,-11.33547628374842
404,1822.5,29.443407403353774,1822.5,-11.443407403353774
405,1827.0,29.581137518384953,1827.0,-11.581137518384953
406,1831.5,29.731441313385595,1831.5,-11.731441313385595
407,1836.0,29.876100298273727,1836.0,-11.876100298273727
408,1840.5,29.996895982967406,1840.5,-11.996895982967406
409,1845.0,30.07560987738465,1845.0,-12.07560987738465
410,1849.5,30.094023491443508,1849.5,-12.094023491443508
411,1854.0,30.03391833506202,1854.0,-12.033918335062019
412,1858.5,29.877075918158205,1858.5,-11.877075918158205
413,1863.0,29.605277750650114,1863.0,-11.605277750650114
414,1867.5,29.20046643539855,1867.5,-11.20046643539855
415,1872.0,28.660312019602824,1872.0,-10.660312019602824
416,1876.5,28.01118892630159,1876.5,-10.011188926301589
417,1881.0,27.28252637804084,1881.0,-9.282526378040838
418,1885.5,26.50375359736656,1885.5,-8.503753597366561
419,1890.0,25.704299806824743,1890.0,-7.704299806824743
420,1894.5,24.913594228961365,1894.5,-6.913594228961363
421,1899.0,24.161066086322414,1899.0,-6.161066086322412
422,1903.5,23.476144601453882,1903.5,-5.476144601453882
423,1908.0,22.88825899690176,1908.0,-4.88825899690176
424,1912.5,22.426790065098995,1912.5,-4.426790065098995
425,1917.0,22.10801219914117,1917.0,-4.10801219914117
426,1921.5,21.917422455296453,1921.5,-3.917422455296453
427,1926.0,21.836104695783625,1926.0,-3.8361046957836233
428,1930.5,21.84514278282145,1930.5,-3.8451427828214513
429,1935.0,21.925620578628713,1935.0,-3.9256205786287133
430,1939.5,22.05862194542418,1939.5,-4.0586219454241785
431,1944.0,22.22523074542662,1944.0,-4.225230745426622
432,1948.5,22.406530840854817,1948.5,-4.406530840854817
433,1953.0,22.583606093927536,1953.0,-4.583606093927536
434,1957.5,22.737543370174485,1957.5,-4.737543370174487
435,1962.0,22.85460724315942,1962.0,-4.854607243159419
436,1966.5,22.93686270522059,1966.5,-4.936862705220589
437,1971.0,22.989378059620872,1971.0,-4.989378059620872
438,1975.5,23.017221609623157,1975.5,-5.017221609623155
439,1980.0,23.025461658490308,1980.0,-5.025461658490306
440,1984.5,23.019166509485217,1984.5,-5.019166509485217
441,1989.0,23.00340446587076,1989.0,-5.00340446587076
442,1993.5,22.98324383090982,1993.5,-4.983243830909823
443,1998.0,22.963752907865274,1998.0,-4.963752907865274
444,2002.5,22.950000000000003,2002.5,-4.950000000000001
445,2007.0,22.94598251415469,2007.0,-4.945982514154689
446,2011.5,22.951414271481234,2011.5,-4.9514142714812355
447,2016.0,22.964938196709355,2016.0,-4.964938196709353
448,2020.5,22.985197214568743,2020.5,-4.985197214568744
449,2025.0,23.01083424978912,2025.0,-5.010834249789118
450,2029.5,23.04049222710018,2029.5,-5.040492227100179
451,2034.0,23.072814071231644,2034.0,-5.072814071231644
452,2038.5,23.106442706913207,2038.5,-5.106442706913207
453,2043.0,23.140021058874588,2043.0,-5.140021058874586
454,2047.5,23.172192051845478,2047.5,-5.172192051845478
455,2052.0,23.201813620959882,2052.0,-5.20181362095988
456,2056.5,23.228874871088692,2056.5,-5.22887487108869
457,2061.0,23.25373558503981,2061.0,-5.253735585039809
458,2065.5,23.27675576063152,2065.5,-5.27675576063152
459,2070.0,23.29829539568211,2070.0,-5.298295395682111
460,2074.5,23.31871448800988,2074.5,-5.31871448800988
461,2079.0,23.338373035433115,2079.0,-5.338373035433115
462,2083.5,23.357631035770105,2083.5,-5.357631035770105
463,2088.0,23.37684848683915,2088.0,-5.376848486839151
464,2092.5,23.396385386458533,2092.5,-5.396385386458535
465,2097.0,23.416561301169864,2097.0,-5.416561301169864
466,2101.5,23.437413832342337,2101.5,-5.437413832342338
467,2106.0,23.458860507663367,2106.0,-5.458860507663367
468,2110.5,23.480818411130077,2110.5,-5.480818411130077
469,2115.0,23.503204626739596,2115.0,-5.503204626739594
470,2119.5,23.52593623848904,2119.5,-5.525936238489042
471,2124.0,23.548930330375548,2124.0,-5.5489303303755495
472,2128.5,23.57210398639625,2128.5,-5.5721039863962485
473,2133.0,23.595374290548264,2133.0,-5.595374290548266
474,2137.5,23.618658326828722,2137.5,-5.6186583268287205
475,2142.0,23.641876678619212,2142.0,-5.641876678619214
476,2146.5,23.664982811212862,2146.5,-5.664982811212862
477,2151.0,23.687948206265006,2151.0,-5.687948206265004
478,2155.5,23.71074452996884,2155.5,-5.710744529968839
479,2160.0,23.733343448517573,2160.0,-5.733343448517575
480,2164.5,23.755716628104402,2164.5,-5.755716628104404
481,2169.0,23.777835734922526,2169.0,-5.777835734922528
482,2173.5,23.799672435165157,2173.5,-5.7996724351651565
483,2178.0,23.821198395025476,2178.0,-5.821198395025478
484,2182.5,23.842385280696696,2182.5,-5.842385280696698
485,2187.0,23.863214404335906,2187.0,-5.863214404335908
486,2191.5,23.883792503753153,2191.5,-5.883792503753153
487,2196.0,23.9043140303485,2196.0,-5.9043140303485
488,2200.5,23.92497523535203,2200.5,-5.924975235352029
489,2205.0,23.945972369993804,2205.0,-5.945972369993806
490,2209.5,23.967501685503905,2209.5,-5.967501685503905
491,2214.0,23.989759433112393,2214.0,-5.989759433112393
492,2218.5,24.01294186404935,2218.5,-6.012941864049349
493,2223.0,24.037245229544837,2223.0,-6.037245229544839
494,2227.5,24.062865780828936,2227.5,-6.062865780828934
495,2232.0,24.089985840424298,2232.0,-6.089985840424298
496,2236.5,24.118526632074353,2236.5,-6.118526632074353
497,2241.0,24.148177492338014,2241.0,-6.148177492338014
498,2245.5,24.178619697179624,2245.5,-6.178619697179624
499,2250.0,24.20953452256353,2250.0,-6.20953452256353
500,2254.5,24.24060324445407,2254.5,-6.240603244454071
501,2259.0,24.2715071388156,2259.0,-6.271507138815599
502,2263.5,24.30192748161245,2263.5,-6.301927481612449
503,2268.0,24.331545548808972,2268.0,-6.331545548808972
504,2272.5,24.360042616369505,2272.5,-6.360042616369505
505,2277.0,24.3871081225861,2277.0,-6.387108122586101
506,2281.5,24.412666319594294,2281.5,-6.412666319594294
507,2286.0,24.436905853648692,2286.0,-6.4369058536486925
508,2290.5,24.46002947550619,2290.5,-6.460029475506188
509,2295.0,24.48223993592368,2295.0,-6.482239935923678
510,2299.5,24.50373998565805,2299.5,-6.503739985658051
511,2304.0,24.5247323754662,2304.0,-6.5247323754662006
512,2308.5,24.54541985610501,2308.5,-6.54541985610501
513,2313.0,24.566005178331395,2313.0,-6.566005178331393
514,2317.5,24.586691092902218,2317.5,-6.5866910929022175
515,2322.0,24.60767829030756,2322.0,-6.607678290307561
516,2326.5,24.62906705522094,2326.5,-6.62906705522094
517,2331.0,24.65081409747085,2331.0,-6.650814097470851
518,2335.5,24.6728650851432,2335.5,-6.6728650851432025
519,2340.0,24.695165686323918,2340.0,-6.695165686323918
520,2344.5,24.71766156909891,2344.5,-6.717661569098912
521,2349.0,24.7402984015541,2349.0,-6.740298401554099
522,2353.5,24.7630218517754,2353.5,-6.763021851775399
523,2358.0,24.78577758784873,2358.0,-6.785777587848731
524,2362.5,24.808511277860006,2362.5,-6.808511277860006
525,2367.0,24.831168822870097,2367.0,-6.831168822870097
526,2371.5,24.853718869198133,2371.5,-6.853718869198131
527,2376.0,24.87617157584816,2376.0,-6.87617157584816
528,2380.5,24.898541519719636,2380.5,-6.898541519719634
529,2385.0,24.92084327771198,2385.0,-6.920843277711981
530,2389.5,24.94309142672465,2389.5,-6.943091426724649
531,2394.0,24.96530054365707,2394.0,-6.965300543657069
532,2398.5,24.98748520540869,2398.5,-6.987485205408689
533,2403.0,25.009659988878944,2403.0,-7.009659988878944
534,2407.5,25.03183947096727,2407.5,-7.03183947096727
535,2412.0,25.054038209988008,2412.0,-7.054038209988008
536,2416.5,25.076265734660886,2416.5,-7.076265734660886
537,2421.0,25.09851976287012,2421.0,-7.098519762870119
538,2425.5,25.12079631893202,2425.5,-7.120796318932019
539,2430.0,25.143091427162922,2430.0,-7.143091427162922
540,2434.5,25.165401111879145,2434.5,-7.165401111879145
541,2439.0,25.187721397397024,2439.0,-7.1877213973970235
542,2443.5,25.21004830803288,2443.5,-7.210048308032881
543,2448.0,25.232377868103033,2448.0,-7.232377868103033
544,2452.5,25.254706101923816,2452.5,-7.254706101923816
545,2457.0,25.2770290344754,2457.0,-7.277029034475401
546,2461.5,25.299343835218135,2461.5,-7.299343835218135
547,2466.0,25.321651166135666,2466.0,-7.321651166135666
548,2470.5,25.343952353063273,2470.5,-7.343952353063273
549,2475.0,25.366248721836193,2475.0,-7.366248721836193
550,2479.5,25.3885415982897,2479.5,-7.388541598289699
551,2484.0,25.41083230825904,2484.0,-7.410832308259039
552,2488.5,25.43312217757948,2488.5,-7.433122177579481
553,2493.0,25.455412532086278,2493.0,-7.455412532086278
554,2497.5,25.4777046976147,2497.5,-7.477704697614701
555,2502.0,25.499999999999996,2502.0,-7.4999999999999964
556,2506.5,25.522299322828662,2506.5,-7.522299322828662
557,2511.0,25.544601780692098,2511.0,-7.544601780692098
558,2515.5,25.566906045932953,2515.5,-7.566906045932953
559,2520.0,25.58921079089385,2520.0,-7.589210790893851
560,2524.5,25.61151468791744,2524.5,-7.611514687917438
561,2529.0,25.63381640934635,2529.0,-7.633816409346348
562,2533.5,25.656114627523216,2533.5,-7.656114627523216
563,2538.0,25.678408014790683,2538.0,-7.6784080147906835
564,2542.5,25.70069524349139,2542.5,-7.7006952434913885
565,2547.0,25.722974985967966,2547.0,-7.722974985967966
566,2551.5,25.745246579783636,2551.5,-7.745246579783636
567,2556.0,25.767512862227086,2556.0,-7.767512862227086
568,2560.5,25.78977781742729,2560.5,-7.789777817427289
569,2565.0,25.81204543017843,2565.0,-7.812045430178429
570,2569.5,25.834319685274707,2569.5,-7.834319685274707
571,2574.0,25.85660456751031,2574.0,-7.85660456751031
572,2578.5,25.87890406167943,2578.5,-7.878904061679432
573,2583.0,25.90122215257626,2583.0,-7.90122215257626
574,2587.5,25.923562824994992,2587.5,-7.923562824994992
575,2592.0,25.945930063729815,2592.0,-7.945930063729815
576,2596.5,25.968326156015113,2596.5,-7.968326156015113
577,2601.0,25.990741550410306,2601.0,-7.990741550410306
578,2605.5,26.013161654024906,2605.5,-8.013161654024906
579,2610.0,26.035571855339494,2610.0,-8.035571855339494
580,2614.5,26.05795754283469,2614.5,-8.05795754283469
581,2619.0,26.08030410499107,2619.0,-8.080304104991072
582,2623.5,26.102596930289252,2623.5,-8.102596930289252
583,2628.0,26.124821407209815,2628.0,-8.124821407209815
584,2632.5,26.146962924233367,2632.5,-8.146962924233367
585,2637.0,26.169006869840494,2637.0,-8.169006869840494
586,2641.5,26.190943060920898,2641.5,-8.190943060920898
587,2646.0,26.212802925841157,2646.0,-8.212802925841157
588,2650.5,26.2346406923553,2650.5,-8.234640692355299
589,2655.0,26.256510821746755,2655.0,-8.256510821746755
590,2659.5,26.27846777529894,2659.5,-8.278467775298939
591,2664.0,26.300566014295267,2664.0,-8.300566014295267
592,2668.5,26.32286000001917,2668.5,-8.322860000019169
593,2673.0,26.345404193754064,2673.0,-8.345404193754064
594,2677.5,26.368253056783363,2677.5,-8.368253056783363
595,2682.0,26.39146105039051,2682.0,-8.391461050390511
596,2686.5,26.415071567821094,2686.5,-8.415071567821094
597,2691.0,26.43898408556095,2691.0,-8.43898408556095
598,2695.5,26.462997435169026,2695.5,-8.462997435169026
599,2700.0,26.48690838303105,2700.0,-8.48690838303105
600,2704.5,26.510513695532723,2704.5,-8.510513695532723
601,2709.0,26.533610139059775,2709.0,-8.533610139059775
602,2713.5,26.55599447999793,2713.5,-8.555994479997931
603,2718.0,26.577463484732895,2718.0,-8.577463484732895
604,2722.5,26.5978139196504,2722.5,-8.597813919650399
605,2727.0,26.61684255113616,2727.0,-8.616842551136159
606,2731.5,26.6343603118791,2731.5,-8.6343603118791
607,2736.0,26.65044368716849,2736.0,-8.65044368716849
608,2740.5,26.66540500500807,2740.5,-8.665405005008068
609,2745.0,26.679564791493732,2745.0,-8.679564791493732
610,2749.5,26.693243572721315,2749.5,-8.693243572721315
611,2754.0,26.706761874786718,2754.0,-8.706761874786718
612,2758.5,26.720440223785804,2758.5,-8.720440223785804
613,2763.0,26.734599145814446,2763.0,-8.734599145814446
614,2767.5,26.749559166968513,2767.5,-8.749559166968513
615,2772.0,26.76564081334388,2772.0,-8.765640813343879
616,2776.5,26.78315641696696,2776.5,-8.78315641696696
617,2781.0,26.80218258287406,2781.0,-8.80218258287406
618,2785.5,26.82253049380364,2785.5,-8.82253049380364
619,2790.0,26.843997173142164,2790.0,-8.843997173142164
620,2794.5,26.86637964427608,2794.5,-8.86637964427608
621,2799.0,26.88947493059184,2799.0,-8.889474930591842
622,2803.5,26.913080055475906,2803.5,-8.913080055475906
623,2808.0,26.936992042314714,2808.0,-8.936992042314714
624,2812.5,26.961007914494726,2812.5,-8.961007914494726
625,2817.0,26.984924695402395,2817.0,-8.984924695402395
626,2821.5,27.00854146329936,2821.5,-9.008541463299359
627,2826.0,27.031757439505036,2826.0,-9.031757439505036
628,2830.5,27.05461504445323,2830.5,-9.054615044453229
629,2835.0,27.077167711424423,2835.0,-9.077167711424423
630,2839.5,27.09946887369911,2839.5,-9.09946887369911
631,2844.0,27.121571964557774,2844.0,-9.121571964557774
632,2848.5,27.1435304172809,2848.5,-9.1435304172809
633,2853.0,27.165397665148973,2853.0,-9.165397665148973
634,2857.5,27.187227141442495,2857.5,-9.187227141442495
635,2862.0,27.20907227944194,2862.0,-9.20907227944194
636,2866.5,27.23098629540747,2866.5,-9.230986295407469
637,2871.0,27.2530012179855,2871.0,-9.2530012179855
638,2875.5,27.27511040601596,2875.5,-9.275110406015958
639,2880.0,27.297303102990462,2880.0,-9.297303102990462
640,2884.5,27.319568552400593,2884.5,-9.319568552400593
641,2889.0,27.34189599773796,2889.0,-9.34189599773796
642,2893.5,27.36427468249416,2893.5,-9.364274682494159
643,2898.0,27.38669385016079,2898.0,-9.386693850160789
644,2902.5,27.409142744229452,2902.5,-9.409142744229452
645,2907.0,27.431610608191733,2907.0,-9.431610608191733
646,2911.5,27.454086685889116,2911.5,-9.454086685889116
647,2916.0,27.476560315847664,2916.0,-9.476560315847664
648,2920.5,27.49902105893825,2920.5,-9.49902105893825
649,2925.0,27.521458507913994,2925.0,-9.521458507913994
650,2929.5,27.543862255528015,2929.5,-9.543862255528015
651,2934.0,27.566221894533427,2934.0,-9.566221894533427
652,2938.5,27.588527017683365,2938.5,-9.588527017683365
653,2943.0,27.610767217730935,2943.0,-9.610767217730935
654,2947.5,27.63293208742926,2947.5,-9.63293208742926
655,2952.0,27.655011219531456,2952.0,-9.655011219531456
656,2956.5,27.6769942146535,2956.5,-9.6769942146535
657,2961.0,27.69888422896967,2961.0,-9.698884228969671
658,2965.5,27.72072578512304,2965.5,-9.72072578512304
659,2970.0,27.742571268609534,2970.0,-9.742571268609534
660,2974.5,27.76447306492508,2974.5,-9.764473064925081
661,2979.0,27.78648355956559,2979.0,-9.786483559565589
662,2983.5,27.808655138026992,2983.5,-9.808655138026992
663,2988.0,27.83104018580521,2988.0,-9.831040185805211
664,2992.5,27.853691088396168,2992.5,-9.853691088396168
665,2997.0,27.876660231295794,2997.0,-9.876660231295794
666,3001.5,27.9,3001.5,-9.899999999999999
667,3006.0,27.923720859965922,3006.0,-9.923720859965922
668,3010.5,27.94766559649554,3010.5,-9.94766559649554
669,3015.0,27.97163507485205,3015.0,-9.971635074852049
670,3019.5,27.995430160298632,3019.5,-9.995430160298632
671,3024.0,28.01885171809847,3024.0,-10.018851718098471
672,3028.5,28.041700613514767,3028.5,-10.041700613514767
673,3033.0,28.063777711810697,3033.0,-10.063777711810697
674,3037.5,28.084883878249457,3037.5,-10.084883878249457
675,3042.0,28.104819978094234,3042.0,-10.104819978094234
676,3046.5,28.12338687660822,3046.5,-10.123386876608219
677,3051.0,28.14044871743054,3051.0,-10.14044871743054
678,3055.5,28.15620255173619,3055.5,-10.15620255173619
679,3060.0,28.17095452262028,3060.0,-10.170954522620281
680,3064.5,28.185010836456303,3064.5,-10.185010836456303
681,3069.0,28.198677699617754,3069.0,-10.198677699617754
682,3073.5,28.212261318478124,3073.5,-10.212261318478124
683,3078.0,28.226067899410907,3078.0,-10.226067899410907
684,3082.5,28.24040364878959,3082.5,-10.240403648789592
685,3087.0,28.255574772987668,3087.0,-10.255574772987668
686,3091.5,28.27188747837863,3091.5,-10.27188747837863
687,3096.0,28.289606345219184,3096.0,-10.289606345219184
688,3100.5,28.308705655854045,3100.5,-10.308705655854045
689,3105.0,28.32903607048411,3105.0,-10.329036070484111
690,3109.5,28.350447792507886,3109.5,-10.350447792507886
691,3114.0,28.372791025323863,3114.0,-10.372791025323863
692,3118.5,28.395915972330556,3118.5,-10.395915972330556
693,3123.0,28.41967283692646,3123.0,-10.419672836926459
694,3127.5,28.443911822510078,3127.5,-10.443911822510078
695,3132.0,28.468483132479914,3132.0,-10.468483132479914
696,3136.5,28.493236970234477,3136.5,-10.493236970234477
697,3141.0,28.51802384880571,3141.0,-10.518023848805711
698,3145.5,28.542697190691484,3145.5,-10.542697190691484
699,3150.0,28.567112012518134,3150.0,-10.567112012518134
700,3154.5,28.591123347240323,3154.5,-10.591123347240323
701,3159.0,28.614586227812723,3159.0,-10.614586227812723
702,3163.5,28.63735568719,3163.5,-10.637355687189999
703,3168.0,28.659286758326807,3168.0,-10.659286758326807
704,3172.5,28.68023447417783,3172.5,-10.68023447417783
705,3177.0,28.700053867697726,3177.0,-10.700053867697726
706,3181.5,28.718599971841165,3181.5,-10.718599971841165
707,3186.0,28.735746575243915,3186.0,-10.735746575243915
708,3190.5,28.751611345077524,3190.5,-10.751611345077524
709,3195.0,28.766482499444667,3195.0,-10.766482499444667
710,3199.5,28.780651756050364,3199.5,-10.780651756050364
711,3204.0,28.794410832599596,3204.0,-10.794410832599596
712,3208.5,28.80805144679738,3208.5,-10.808051446797379
713,3213.0,28.82186531634871,3213.0,-10.82186531634871
714,3217.5,28.836144158958597,3217.5,-10.836144158958597
715,3222.0,28.851179692332035,3222.0,-10.851179692332035
716,3226.5,28.867263634174023,3226.5,-10.867263634174023
717,3231.0,28.884675862832953,3231.0,-10.884675862832953
718,3235.5,28.903474323532354,3235.5,-10.903474323532354
719,3240.0,28.923519858132753,3240.0,-10.923519858132753
720,3244.5,28.944666457015128,3244.5,-10.944666457015128
721,3249.0,28.96676811056047,3249.0,-10.96676811056047
722,3253.5,28.989678809149755,3253.5,-10.989678809149755
723,3258.0,29.013252543163997,3258.0,-11.013252543163997
724,3262.5,29.037343302984155,3262.5,-11.037343302984155
725,3267.0,29.06180507899123,3267.0,-11.061805078991231
726,3271.5,29.08649186156622,3271.5,-11.08649186156622
727,3276.0,29.111257647089833,3276.0,-11.111257647089833
728,3280.5,29.135956604543736,3280.5,-11.135956604543736
729,3285.0,29.16044309725357,3285.0,-11.16044309725357
730,3289.5,29.184571498912547,3289.5,-11.184571498912547
731,3294.0,29.208196183213893,3294.0,-11.208196183213893
732,3298.5,29.231171523850826,3298.5,-11.231171523850826
733,3303.0,29.25335189451657,3303.0,-11.25335189451657
734,3307.5,29.274591668904332,3307.5,-11.274591668904332
735,3312.0,29.294745220707345,3312.0,-11.294745220707345
736,3316.5,29.31366692361882,3316.5,-11.313666923618818
737,3321.0,29.331214647001996,3321.0,-11.331214647001996
738,3325.5,29.34741661951392,3325.5,-11.347416619513918
739,3330.0,29.362544674316347,3330.0,-11.362544674316347
740,3334.5,29.376889379177594,3334.5,-11.376889379177594
741,3339.0,29.390741301865965,3339.0,-11.390741301865965
742,3343.5,29.404391010149766,3343.5,-11.404391010149766
743,3348.0,29.418129071797296,3348.0,-11.418129071797296
744,3352.5,29.43224605457686,3352.5,-11.432246054576861
745,3357.0,29.447032526256773,3357.0,-11.447032526256773
746,3361.5,29.462779054605328,3361.5,-11.462779054605328
747,3366.0,29.47977474913937,3366.0,-11.47977474913937
748,3370.5,29.498166350824857,3370.5,-11.498166350824857
749,3375.0,29.517840761819617,3375.0,-11.517840761819617
750,3379.5,29.53865723151287,3379.5,-11.538657231512872
751,3384.0,29.56047500929384,3384.0,-11.560475009293839
752,3388.5,29.583153344551743,3388.5,-11.583153344551743
753,3393.0,29.606551486675812,3393.0,-11.606551486675812
754,3397.5,29.63052868505525,3397.5,-11.63052868505525
755,3402.0,29.654944189079288,3402.0,-11.654944189079288
756,3406.5,29.679657248137143,3406.5,-11.679657248137143
757,3411.0,29.704527086812842,3411.0,-11.704527086812842
758,3415.5,29.72940621678278,3415.5,-11.729406216782781
759,3420.0,29.754131386017924,3420.0,-11.754131386017924
760,3424.5,29.778537082115246,3424.5,-11.778537082115246
761,3429.0,29.80245779267172,3429.0,-11.80245779267172
762,3433.5,29.82572800528435,3433.5,-11.82572800528435
763,3438.0,29.848182207550103,3438.0,-11.848182207550103
764,3442.5,29.869654887065956,3442.5,-11.869654887065956
765,3447.0,29.8899805314289,3447.0,-11.8899805314289
766,3451.5,29.90899362823591,3451.5,-11.908993628235908
767,3456.0,29.92652873149589,3456.0,-11.926528731495889
768,3460.5,29.942534889358072,3460.5,-11.942534889358072
769,3465.0,29.95731054305314,3465.0,-11.95731054305314
770,3469.5,29.97122054572611,3469.5,-11.971220545726108
771,3474.0,29.984629750521997,3474.0,-11.984629750521997
772,3478.5,29.997903010585826,3478.5,-11.997903010585826
773,3483.0,30.011405179062628,3483.0,-12.011405179062628
774,3487.5,30.025501109097426,3487.5,-12.025501109097426
775,3492.0,30.040555653835234,3492.0,-12.040555653835234
776,3496.5,30.056933666421088,3496.5,-12.056933666421088
777,3501.0,30.074999999999996,3501.0,-12.074999999999996
778,3505.5,30.094989031189254,3505.5,-12.094989031189254
779,3510.0,30.116613230495176,3510.0,-12.116613230495176
780,3514.5,30.139454591896364,3514.5,-12.139454591896364
781,3519.0,30.16309510937139,3519.0,-12.16309510937139
782,3523.5,30.187116776898858,3523.5,-12.187116776898858
783,3528.0,30.211101588457343,3528.0,-12.211101588457343
784,3532.5,30.234631538025425,3532.5,-12.234631538025425
785,3537.0,30.257288619581704,3537.0,-12.257288619581704
786,3541.5,30.27865482710476,3541.5,-12.27865482710476
787,3546.0,30.298312154573185,3546.0,-12.298312154573185
788,3550.5,30.315948942422658,3550.5,-12.315948942422658
789,3555.0,30.331813019799664,3555.0,-12.331813019799664
790,3559.5,30.346335557142705,3559.5,-12.346335557142705
791,3564.0,30.35994783123675,3564.0,-12.359947831236749
792,3568.5,30.37308111886677,3568.5,-12.373081118866772
793,3573.0,30.38616669681774,3573.0,-12.386166696817739
794,3577.5,30.399635841874627,3577.5,-12.399635841874627
795,3582.0,30.413919830822394,3582.0,-12.413919830822394
796,3586.5,30.429449940446013,3586.5,-12.429449940446013
797,3591.0,30.44665744753045,3591.0,-12.446657447530448
798,3595.5,30.465894897248848,3595.5,-12.465894897248848
799,3600.0,30.486965765481358,3600.0,-12.486965765481358
800,3604.5,30.509439709260928,3604.5,-12.509439709260928
801,3609.0,30.53288552162474,3609.0,-12.532885521624738
802,3613.5,30.556871995610003,3613.5,-12.556871995610003
803,3618.0,30.580967924253912,3618.0,-12.580967924253912
804,3622.5,30.604742100593654,3622.5,-12.604742100593654
805,3627.0,30.627763317666442,3627.0,-12.627763317666442
806,3631.5,30.649600368509464,3631.5,-12.649600368509464
807,3636.0,30.66982204615992,3636.0,-12.669822046159918
808,3640.5,30.68805156618233,3640.5,-12.688051566182331
809,3645.0,30.70442352456881,3645.0,-12.70442352456881
810,3649.5,30.719352708291975,3649.5,-12.719352708291975
811,3654.0,30.73325677426242,3654.0,-12.733256774262419
812,3658.5,30.7465533793907,3658.5,-12.7465533793907
813,3663.0,30.759660180587435,3663.0,-12.759660180587435
814,3667.5,30.77299483476317,3667.5,-12.772994834763171
815,3672.0,30.786974998828512,3672.0,-12.786974998828512
816,3676.5,30.80201832969403,3676.5,-12.802018329694029
817,3681.0,30.81854248427031,3681.0,-12.81854248427031
818,3685.5,30.836931567512256,3685.5,-12.836931567512256
819,3690.0,30.8571334111319,3690.0,-12.857133411131901
820,3694.5,30.878790749028596,3694.5,-12.878790749028596
821,3699.0,30.901540054678485,3699.0,-12.901540054678485
822,3703.5,30.92501780155769,3703.5,-12.92501780155769
823,3708.0,30.94886046314235,3708.0,-12.94886046314235
824,3712.5,30.972704512908606,3712.5,-12.972704512908606
825,3717.0,30.9961864243326,3717.0,-12.996186424332599
826,3721.5,31.01894267089046,3721.5,-13.01894267089046
827,3726.0,31.04060972605832,3726.0,-13.040609726058321
828,3730.5,31.060838238320528,3730.5,-13.060838238320528
829,3735.0,31.079544571940062,3735.0,-13.079544571940062
830,3739.5,31.096881078816406,3739.5,-13.096881078816406
831,3744.0,31.113008313978764,3744.0,-13.113008313978764
832,3748.5,31.12808683245635,3748.5,-13.12808683245635
833,3753.0,31.142277189278374,3753.0,-13.142277189278374
834,3757.5,31.155739939474064,3757.5,-13.155739939474064
835,3762.0,31.16863563807262,3762.0,-13.168635638072619
836,3766.5,31.181124840103244,3766.5,-13.181124840103244
837,3771.0,31.193368100595173,3771.0,-13.193368100595173
838,3775.5,31.20552595420532,3775.5,-13.20552595420532
839,3780.0,31.217758349520803,3780.0,-13.217758349520803
840,3784.5,31.230224575229776,3784.5,-13.230224575229776
841,3789.0,31.243083884817075,3789.0,-13.243083884817075
842,3793.5,31.256495531767538,3793.5,-13.256495531767538
843,3798.0,31.27061876956602,3798.0,-13.27061876956602
844,3802.5,31.285612851697362,3802.5,-13.285612851697362
845,3807.0,31.301637031646397,3807.0,-13.301637031646397
846,3811.5,31.318850562897975,3811.5,-13.318850562897975
847,3816.0,31.337412698936944,3816.0,-13.337412698936944
848,3820.5,31.357478534968145,3820.5,-13.357478534968145
849,3825.0,31.37900051501981,3825.0,-13.379000515019811
850,3829.5,31.401641302983023,3829.5,-13.401641302983023
851,3834.0,31.425041276967043,3834.0,-13.425041276967043
852,3838.5,31.44884081508111,3838.5,-13.448840815081109
853,3843.0,31.47268029543446,3843.0,-13.472680295434461
854,3847.5,31.496200096136345,3847.5,-13.496200096136345
855,3852.0,31.51904059529601,3852.0,-13.519040595296008
856,3856.5,31.540842171022703,3856.5,-13.540842171022703
857,3861.0,31.561245201425663,3861.0,-13.561245201425663
858,3865.5,31.579892644124396,3865.5,-13.579892644124396
859,3870.0,31.59667929337,3870.0,-13.596679293369998
860,3874.5,31.611959573927397,3874.5,-13.611959573927397
861,3879.0,31.626136825719122,3879.0,-13.626136825719122
862,3883.5,31.639614388667688,3883.5,-13.639614388667688
863,3888.0,31.6527956026956,3888.0,-13.652795602695601
864,3892.5,31.666083807725386,3892.5,-13.666083807725386
865,3897.0,31.679882343679562,3897.0,-13.679882343679562
866,3901.5,31.694594550480637,3901.5,-13.694594550480637
867,3906.0,31.710623768051136,3906.0,-13.710623768051136
868,3910.5,31.728372553760536,3910.5,-13.728372553760536
869,3915.0,31.748031686563504,3915.0,-13.748031686563504
870,3919.5,31.769294632961607,3919.5,-13.769294632961607
871,3924.0,31.79178354931119,3924.0,-13.79178354931119
872,3928.5,31.81512059196862,3928.5,-13.815120591968618
873,3933.0,31.838927917290224,3933.0,-13.838927917290224
874,3937.5,31.86282768163236,3937.5,-13.86282768163236
875,3942.0,31.88644204135138,3942.0,-13.88644204135138
876,3946.5,31.90939315280363,3946.5,-13.90939315280363
877,3951.0,31.931303172345462,3951.0,-13.931303172345462
878,3955.5,31.951794332714904,3955.5,-13.951794332714904
879,3960.0,31.970620548675733,3960.0,-13.970620548675733
880,3964.5,31.987937579038903,3964.5,-13.987937579038903
881,3969.0,32.00397756430085,3969.0,-14.003977564300847
882,3973.5,32.018972644958,3973.5,-14.018972644957998
883,3978.0,32.03315496150677,3978.0,-14.03315496150677
884,3982.5,32.046756654443605,3982.5,-14.046756654443605
885,3987.0,32.06000986426491,3987.0,-14.060009864264917
886,3991.5,32.07314673146713,3991.5,-14.073146731467133
887,3996.0,32.08639939654669,3996.0,-14.086399396546689
888,4000.5,32.10000000000001,4000.5,-14.100000000000005
889,4005.0,32.11412319703007,4005.0,-14.114123197030064
890,4009.5,32.12871370166609,4009.5,-14.128713701666094
891,4014.0,32.14365874264385,4014.0,-14.143658742643854
892,4018.5,32.15884554869912,4018.5,-14.158845548699123
893,4023.0,32.17416134856768,4023.0,-14.17416134856768
894,4027.5,32.189493370985296,4027.5,-14.189493370985296
895,4032.0,32.20472884468775,4032.0,-14.20472884468775
896,4036.5,32.21975499841081,4036.5,-14.219754998410806
897,4041.0,32.234459060890245,4041.0,-14.234459060890249
898,4045.5,32.24872826086184,4045.5,-14.248728260861842
899,4050.0,32.262491364229504,4050.0,-14.262491364229508
900,4054.5,32.27589566393868,4054.5,-14.275895663938677
901,4059.0,32.28916006301266,4059.0,-14.289160063012655
902,4063.5,32.30250350601194,4063.5,-14.302503506011938
903,4068.0,32.316144937497,4068.0,-14.316144937497
904,4072.5,32.33030330202831,4072.5,-14.330303302028312
905,4077.0,32.34519754416634,4077.0,-14.345197544166343
906,4081.5,32.361046608471575,4081.5,-14.361046608471575
907,4086.0,32.378069439504486,4086.0,-14.37806943950449
908,4090.5,32.39648498182555,4090.5,-14.396484981825555
909,4095.0,32.416462520685016,4095.0,-14.416462520685016
910,4099.5,32.437825020436996,4099.5,-14.437825020436996
911,4104.0,32.46024796613979,4104.0,-14.460247966139786
912,4108.5,32.48340629789353,4108.5,-14.48340629789353
913,4113.0,32.506974955798384,4113.0,-14.506974955798388
914,4117.5,32.530628879954506,4117.5,-14.53062887995451
915,4122.0,32.55404301046203,4122.0,-14.554043010462031
916,4126.5,32.57689228742111,4126.5,-14.57689228742111
917,4131.0,32.598851650931906,4131.0,-14.598851650931906
918,4135.5,32.61959604109455,4135.5,-14.619596041094553
919,4140.0,32.638834407015096,4140.0,-14.638834407015093
920,4144.5,32.65659526289191,4144.5,-14.656595262891909
921,4149.0,32.67308221616459,4149.0,-14.673082216164588
922,4153.5,32.6885006677164,4153.5,-14.688500667716397
923,4158.0,32.7030560184306,4158.0,-14.703056018430605
924,4162.5,32.71695366919046,4162.5,-14.716953669190463
925,4167.0,32.73039902087925,4167.0,-14.73039902087925
926,4171.5,32.74359747438022,4171.5,-14.743597474380227
927,4176.0,32.75675443057664,4176.0,-14.756754430576642
928,4180.5,32.77007529035177,4180.5,-14.770075290351773
929,4185.0,32.78375411585591,4185.0,-14.783754115855917
930,4189.5,32.797837532653304,4189.5,-14.7978375326533
931,4194.0,32.812269059870516,4194.0,-14.812269059870513
932,4198.5,32.82699010095217,4198.5,-14.826990100952173
933,4203.0,32.84194205934291,4203.0,-14.841942059342909
934,4207.5,32.85706633848735,4207.5,-14.85706633848735
935,4212.0,32.872304341830116,4212.0,-14.87230434183012
936,4216.5,32.88759747281585,4216.5,-14.887597472815848
937,4221.0,32.902887134889156,4221.0,-14.90288713488916
938,4225.5,32.91811473149468,4225.5,-14.918114731494683
939,4230.0,32.93322403493368,4230.0,-14.93322403493368
940,4234.5,32.94820322260219,4234.5,-14.948203222602192
941,4239.0,32.963079908972375,4239.0,-14.963079908972375
942,4243.5,32.977883079382444,4243.5,-14.977883079382444
943,4248.0,32.99264171917063,4248.0,-14.992641719170628
944,4252.5,33.007384813675166,4252.5,-15.007384813675166
945,4257.0,33.02214134823428,4257.0,-15.022141348234278
946,4261.5,33.0369403081862,4261.5,-15.0369403081862
947,4266.0,33.051810678869145,4266.0,-15.051810678869145
948,4270.5,33.06678144562137,4270.5,-15.066781445621373
949,4275.0,33.08188024250798,4275.0,-15.081880242507978
950,4279.5,33.09709583016959,4279.5,-15.09709583016959
951,4284.0,33.11237319880858,4284.0,-15.112373198808577
952,4288.5,33.127655003627396,4288.5,-15.127655003627396
953,4293.0,33.14288389982849,4293.0,-15.142883899828494
954,4297.5,33.15800254261434,4297.5,-15.158002542614337
955,4302.0,33.17295358718738,4302.0,-15.17295358718738
956,4306.5,33.187679688750066,4306.5,-15.187679688750066
957,4311.0,33.20212350250486,4311.0,-15.202123502504858
958,4315.5,33.216227683654225,4315.5,-15.216227683654221
959,4320.0,33.22993695292446,4320.0,-15.229936952924465
960,4324.5,33.24329669305641,4324.5,-15.243296693056404
961,4329.0,33.25649622798504,4329.0,-15.256496227985043
962,4333.5,33.26973595156232,4333.5,-15.269735951562318
963,4338.0,33.28321625764018,4338.0,-15.283216257640174
964,4342.5,33.297137540070565,4342.5,-15.297137540070569
965,4347.0,33.311700192705445,4347.0,-15.311700192705448
966,4351.5,33.327104609396756,4351.5,-15.327104609396752
967,4356.0,33.34355118399644,4356.0,-15.343551183996436
968,4360.5,33.361240310356436,4360.5,-15.361240310356436
969,4365.0,33.38037066929472,4365.0,-15.38037066929472
970,4369.5,33.40097369875609,4369.5,-15.400973698756093
971,4374.0,33.42277559940807,4374.0,-15.42277559940807
972,4378.5,33.44547008771825,4378.5,-15.445470087718252
973,4383.0,33.46875088015422,4383.0,-15.468750880154218
974,4387.5,33.49231169318355,4387.5,-15.492311693183549
975,4392.0,33.51584624327385,4392.0,-15.515846243273849
976,4396.5,33.539048246892676,4396.5,-15.53904824689268
977,4401.0,33.561611420507646,4401.0,-15.561611420507642
978,4405.5,33.58322948058632,4405.5,-15.583229480586319
979,4410.0,33.603596599523826,4410.0,-15.603596599523826
980,4414.5,33.62253033510244,4414.5,-15.622530335102443
981,4419.0,33.640137987048256,4419.0,-15.640137987048256
982,4423.5,33.65656840148333,4423.5,-15.656568401483327
983,4428.0,33.67197042452968,4428.0,-15.671970424529682
984,4432.5,33.686492902309396,4432.5,-15.686492902309393
985,4437.0,33.700284680944506,4437.0,-15.700284680944506
986,4441.5,33.713494606557056,4441.5,-15.713494606557056
987,4446.0,33.7262715252691,4446.0,-15.726271525269102
988,4450.5,33.7387642832027,4450.5,-15.738764283202695
989,4455.0,33.75112172647988,4455.0,-15.751121726479877
990,4459.5,33.7634927012227,4459.5,-15.763492701222699
991,4464.0,33.77602605355321,4464.0,-15.776026053553213
992,4468.5,33.78887062959346,4468.5,-15.788870629593461
993,4473.0,33.8021752754655,4473.0,-15.802175275465501
994,4477.5,33.816088837291375,4477.5,-15.816088837291375
995,4482.0,33.83076016119313,4482.0,-15.830760161193133
996,4486.5,33.84633809329283,4486.5,-15.846338093292829
997,4491.0,33.8629714797125,4491.0,-15.862971479712503
998,4495.5,33.88080916657422,4495.5,-15.880809166574217
999,4500.0,33.900000000000006,4500.0,-15.900000000000002
