,top_x,top_y,bottom_x,bottom_y
0,45.0,10.571434627128648,45.0,7.428565372871352
1,49.45945945945946,10.796789991045033,49.45945945945946,7.203210008954967
2,53.91891891891892,11.047515253884804,53.91891891891892,6.952484746115196
3,58.37837837837838,11.321246420321957,58.37837837837838,6.678753579678043
4,62.83783783783784,11.615619495030494,62.83783783783784,6.384380504969507
5,67.29729729729729,11.928270482684404,67.29729729729729,6.071729517315597
6,71.75675675675676,12.256835387957688,71.75675675675676,5.743164612042312
7,76.21621621621622,12.598950215524342,76.21621621621622,5.401049784475658
8,80.67567567567568,12.952250970058364,80.67567567567568,5.047749029941636
9,85.13513513513513,13.314373656233748,85.13513513513513,4.685626343766251
10,89.5945945945946,13.682954278724498,89.5945945945946,4.317045721275502
11,94.05405405405406,14.055628842204602,94.05405405405406,3.9443711577953975
12,98.51351351351352,14.430033351348063,98.51351351351352,3.5699666486519366
13,102.97297297297297,14.803803810828875,102.97297297297297,3.1961961891711255
14,107.43243243243244,15.174576225321037,107.43243243243244,2.8254237746789643
15,111.8918918918919,15.539986599498544,111.8918918918919,2.460013400501457
16,116.35135135135135,15.89767093803539,116.35135135135135,2.1023290619646104
17,120.8108108108108,16.24526524560558,120.8108108108108,1.7547347543944216
18,125.27027027027027,16.580405526883105,125.27027027027027,1.4195944731168968
19,129.72972972972974,16.90072778654196,129.72972972972974,1.0992722134580397
20,134.1891891891892,17.20386802925615,134.1891891891892,0.7961319707438523
21,138.64864864864865,17.488126496085876,138.64864864864865,0.5118735039141242
22,143.10810810810813,17.756435770735408,143.10810810810813,0.2435642292645923
23,147.56756756756758,18.013701100525118,147.56756756756758,-0.013701100525116416
24,152.02702702702703,18.26483502206358,152.02702702702703,-0.2648350220635809
25,156.48648648648648,18.514750071959373,156.48648648648648,-0.514750071959373
26,160.94594594594594,18.76835878682106,160.94594594594594,-0.7683587868210591
27,165.40540540540542,19.030573703257218,165.40540540540542,-1.0305737032572182
28,169.86486486486487,19.306307357876413,169.86486486486487,-1.3063073578764115
29,174.32432432432432,19.600472287287214,174.32432432432432,-1.6004722872872144
30,178.7837837837838,19.9179810280982,178.7837837837838,-1.9179810280982004
31,183.24324324324326,20.263356126095353,183.24324324324326,-2.2633561260953527
32,187.7027027027027,20.637455584393926,187.7027027027027,-2.6374555843939262
33,192.16216216216216,21.039129562733528,192.16216216216216,-3.0391295627335264
34,196.6216216216216,21.467207654931492,196.6216216216216,-3.467207654931494
35,201.0810810810811,21.92051945480516,201.0810810810811,-3.9205194548051594
36,205.54054054054055,22.397894556171863,205.54054054054055,-4.397894556171863
37,210.0,22.89816255284893,210.0,-4.898162552848932
38,214.45945945945948,23.42015303865371,214.45945945945948,-5.420153038653709
39,218.91891891891893,23.962695607403518,218.91891891891893,-5.962695607403518
40,223.3783783783784,24.524619852915702,223.3783783783784,-6.524619852915702
41,227.83783783783784,25.104499708806202,227.83783783783784,-7.104499708806202
42,232.2972972972973,25.697584780707974,232.2972972972973,-7.697584780707974
43,236.75675675675677,26.296799880760872,236.75675675675677,-8.296799880760872
44,241.21621621621622,26.895022117743604,241.21621621621622,-8.895022117743604
45,245.67567567567568,27.485128600434855,245.67567567567568,-9.485128600434855
46,250.13513513513516,28.059996437613314,250.13513513513516,-10.059996437613314
47,254.5945945945946,28.612502738057664,254.5945945945946,-10.612502738057664
48,259.05405405405406,29.135524610546604,259.05405405405406,-11.135524610546604
49,263.51351351351354,29.62193916385882,263.51351351351354,-11.62193916385882
50,267.97297297297297,30.064623506772993,267.97297297297297,-12.064623506772993
51,272.43243243243245,30.457012822890555,272.43243243243245,-12.457012822890555
52,276.8918918918919,30.80300361505924,276.8918918918919,-12.80300361505924
53,281.35135135135135,31.11578329845327,281.35135135135135,-13.11578329845327
54,285.81081081081084,31.408862248213712,285.81081081081084,-13.408862248213712
55,290.2702702702703,31.695750839481626,290.2702702702703,-13.695750839481626
56,294.72972972972974,31.98995944739808,294.72972972972974,-13.989959447398078
57,299.18918918918916,32.30499844710413,299.18918918918916,-14.304998447104133
58,303.64864864864865,32.65437821374087,303.64864864864865,-14.65437821374087
59,308.1081081081081,33.05160912244934,308.1081081081081,-15.051609122449342
60,312.5675675675676,33.51020154837061,312.5675675675676,-15.51020154837061
61,317.02702702702703,34.04318958471299,317.02702702702703,-16.043189584712994
62,321.4864864864865,34.64990564604325,321.4864864864865,-16.649905646043248
63,325.94594594594594,35.3142544225623,325.94594594594594,-17.314254422562296
64,330.4054054054054,36.01931758929125,330.4054054054054,-18.019317589291244
65,334.8648648648649,36.74817682125119,334.8648648648649,-18.748176821251196
66,339.3243243243243,37.483913793463245,339.3243243243243,-19.48391379346325
67,343.7837837837838,38.20961018094853,343.7837837837838,-20.209610180948534
68,348.2432432432432,38.90834765872813,348.2432432432432,-20.908347658728136
69,352.7027027027027,39.56320790182319,352.7027027027027,-21.563207901823194
70,357.1621621621622,40.15727258525478,357.1621621621622,-22.15727258525478
71,361.6216216216216,40.67391547321334,361.6216216216216,-22.67391547321334
72,366.0810810810811,41.110745113000796,366.0810810810811,-23.110745113000796
73,370.5405405405406,41.485725015906525,370.5405405405406,-23.485725015906525
74,375.0,41.818384108611845,375.0,-23.818384108611845
75,379.4594594594595,42.128251317798025,379.4594594594595,-24.128251317798025
76,383.91891891891896,42.43485557014637,383.91891891891896,-24.434855570146368
77,388.3783783783784,42.75772579233814,388.3783783783784,-24.757725792338142
78,392.83783783783787,43.116390911054644,392.83783783783787,-25.116390911054644
79,397.2972972972973,43.53037985297716,397.2972972972973,-25.530379852977163
80,401.7567567567568,44.01922154478699,401.7567567567568,-26.019221544786987
81,406.21621621621625,44.60230481082306,406.21621621621625,-26.602304810823057
82,410.6756756756757,45.285340335631105,410.6756756756757,-27.285340335631105
83,415.13513513513516,46.04907464194153,415.13513513513516,-28.04907464194153
84,419.5945945945946,46.87159749695589,419.5945945945946,-28.871597496955893
85,424.05405405405406,47.73099866787572,424.05405405405406,-29.730998667875717
86,428.51351351351354,48.60536792190254,428.51351351351354,-30.60536792190254
87,432.97297297297297,49.47279502623791,432.97297297297297,-31.47279502623791
88,437.43243243243245,50.31136974808335,437.43243243243245,-32.31136974808335
89,441.89189189189193,51.09918185464041,441.89189189189193,-33.09918185464041
90,446.35135135135135,51.81432111311062,446.35135135135135,-33.81432111311062
91,450.81081081081084,52.434923456952426,450.81081081081084,-34.434923456952426
92,455.2702702702703,52.95161856289849,455.2702702702703,-34.95161856289849
93,459.72972972972974,53.38437476394297,459.72972972972974,-35.38437476394297
94,464.1891891891892,53.757367293240314,464.1891891891892,-35.757367293240314
95,468.64864864864865,54.09477138394488,468.64864864864865,-36.09477138394488
96,473.1081081081081,54.420762269211124,473.1081081081081,-36.420762269211124
97,477.5675675675676,54.75951518219342,477.5675675675676,-36.75951518219342
98,482.02702702702703,55.13520535604619,482.02702702702703,-37.13520535604619
99,486.4864864864865,55.572008023923836,486.4864864864865,-37.572008023923836
100,490.94594594594594,56.09409841898078,490.94594594594594,-38.09409841898078
101,495.4054054054054,56.725645468641,495.4054054054054,-38.725645468641
102,499.8648648648649,57.47994702108806,499.8648648648649,-39.47994702108806
103,504.3243243243243,58.337126476777065,504.3243243243243,-40.337126476777065
104,508.7837837837838,59.271001505745254,508.7837837837838,-41.271001505745254
105,513.2432432432433,60.25538977802981,513.2432432432433,-42.25538977802981
106,517.7027027027027,61.26410896366794,517.7027027027027,-43.26410896366794
107,522.1621621621622,62.27097673269691,522.1621621621622,-44.27097673269691
108,526.6216216216217,63.249810755153916,526.6216216216217,-45.249810755153916
109,531.081081081081,64.17442870107612,531.081081081081,-46.17442870107613
110,535.5405405405406,65.01864824050088,535.5405405405406,-47.01864824050089
111,540.0,65.75628704346528,540.0,-47.756287043465285
112,544.4594594594595,66.37007283632404,544.4594594594595,-48.37007283632404
113,548.918918918919,66.8783735707016,548.918918918919,-48.87837357070159
114,553.3783783783783,67.30846725453978,553.3783783783783,-49.30846725453977
115,557.8378378378378,67.68763189578053,557.8378378378378,-49.68763189578053
116,562.2972972972973,68.04314550236569,562.2972972972973,-50.04314550236569
117,566.7567567567568,68.40228608223714,566.7567567567568,-50.40228608223713
118,571.2162162162163,68.79233164333672,571.2162162162163,-50.79233164333672
119,575.6756756756757,69.2405601936064,575.6756756756757,-51.24056019360639
120,580.1351351351352,69.77424974098795,580.1351351351352,-51.77424974098796
121,584.5945945945946,70.42067829342331,584.5945945945946,-52.42067829342331
122,589.0540540540541,71.20058248842184,589.0540540540541,-53.20058248842185
123,593.5135135135135,72.10028481364759,593.5135135135135,-54.10028481364759
124,597.972972972973,73.09483043413897,597.972972972973,-55.09483043413897
125,602.4324324324325,74.15925797356391,602.4324324324325,-56.15925797356391
126,606.8918918918919,75.26860605559038,606.8918918918919,-57.26860605559038
127,611.3513513513514,76.39791330388641,611.3513513513514,-58.39791330388641
128,615.8108108108108,77.52221834211991,615.8108108108108,-59.52221834211991
129,620.2702702702703,78.61655979395893,620.2702702702703,-60.61655979395893
130,624.7297297297298,79.65597628307135,624.7297297297298,-61.655976283071354
131,629.1891891891892,80.61550643312522,629.1891891891892,-62.61550643312522
132,633.6486486486486,81.4733722001659,633.6486486486486,-63.4733722001659
133,638.1081081081081,82.22999589937032,638.1081081081081,-64.22999589937032
134,642.5675675675676,82.89525377540384,642.5675675675676,-64.89525377540384
135,647.0270270270271,83.47905700662064,647.0270270270271,-65.47905700662064
136,651.4864864864865,83.99131677137467,651.4864864864865,-65.99131677137467
137,655.9459459459459,84.44194424802008,655.9459459459459,-66.44194424802008
138,660.4054054054054,84.8408506149109,660.4054054054054,-66.8408506149109
139,664.8648648648649,85.19794705040123,664.8648648648649,-67.19794705040123
140,669.3243243243244,85.5231447328451,669.3243243243244,-67.5231447328451
141,673.7837837837839,85.82635484059658,673.7837837837839,-67.82635484059658
142,678.2432432432432,86.11784587119823,678.2432432432432,-68.11784587119823
143,682.7027027027027,86.41124386636409,682.7027027027027,-68.41124386636409
144,687.1621621621622,86.72201450331758,687.1621621621622,-68.72201450331758
145,691.6216216216217,87.06564230228624,691.6216216216217,-69.06564230228624
146,696.0810810810812,87.45761178349761,696.0810810810812,-69.45761178349761
147,700.5405405405405,87.91340746717923,700.5405405405405,-69.91340746717923
148,705.0,88.44851387355865,705.0,-70.44851387355865
149,709.4594594594595,89.0784155228634,709.4594594594595,-71.0784155228634
150,713.918918918919,89.818596935321,713.918918918919,-71.818596935321
151,718.3783783783784,90.68454263115902,718.3783783783784,-72.68454263115902
152,722.8378378378379,91.68968389912233,722.8378378378379,-73.68968389912233
153,727.2972972972973,92.82075403258409,727.2972972972973,-74.82075403258409
154,731.7567567567568,94.04581568645013,731.7567567567568,-76.04581568645013
155,736.2162162162163,95.3325484053787,736.2162162162163,-77.3325484053787
156,740.6756756756757,96.64863173402813,740.6756756756757,-78.64863173402813
157,745.1351351351352,97.96174521705667,745.1351351351352,-79.96174521705667
158,749.5945945945946,99.23956839912259,749.5945945945946,-81.23956839912259
159,754.0540540540541,100.44978082488426,754.0540540540541,-82.44978082488426
160,758.5135135135135,101.56006203899993,758.5135135135135,-83.56006203899993
161,762.972972972973,102.53809158612788,762.972972972973,-84.53809158612788
162,767.4324324324325,103.35342570018734,767.4324324324325,-85.35342570018734
163,771.8918918918919,104.01079985036316,771.8918918918919,-86.01079985036316
164,776.3513513513514,104.5461929066838,776.3513513513514,-86.5461929066838
165,780.8108108108108,104.99666978620371,780.8108108108108,-86.99666978620371
166,785.2702702702703,105.39929540597731,785.2702702702703,-87.39929540597731
167,789.7297297297298,105.79113468305896,789.7297297297298,-87.79113468305896
168,794.1891891891892,106.20925253450311,794.1891891891892,-88.20925253450311
169,798.6486486486486,106.69071387736419,798.6486486486486,-88.69071387736419
170,803.1081081081081,107.27258362869665,803.1081081081081,-89.27258362869665
171,807.5675675675676,107.99192670555487,807.5675675675676,-89.99192670555487
172,812.0270270270271,108.88468846391054,812.0270270270271,-90.88468846391054
173,816.4864864864866,109.95460672650707,816.4864864864866,-91.95460672650707
174,820.9459459459459,111.1691544934956,820.9459459459459,-93.1691544934956
175,825.4054054054054,112.49387016347646,825.4054054054054,-94.49387016347646
176,829.8648648648649,113.89429213504985,829.8648648648649,-95.89429213504985
177,834.3243243243244,115.33595880681607,834.3243243243244,-97.33595880681607
178,838.7837837837839,116.78440857737532,838.7837837837839,-98.78440857737532
179,843.2432432432432,118.20517984532782,843.2432432432432,-100.20517984532782
180,847.7027027027027,119.56381100927392,847.7027027027027,-101.56381100927392
181,852.1621621621622,120.82584046781375,852.1621621621622,-102.82584046781375
182,856.6216216216217,121.95719950902014,856.6216216216217,-103.95719950902014
183,861.0810810810812,122.94296664385243,861.0810810810812,-104.94296664385243
184,865.5405405405406,123.7955998683852,865.5405405405406,-105.7955998683852
185,870.0,124.52966282070975,870.0,-106.52966282070975
186,874.4594594594595,125.15971913891728,874.4594594594595,-107.15971913891728
187,878.918918918919,125.70033246109924,878.918918918919,-107.70033246109924
188,883.3783783783784,126.16606642534674,883.3783783783784,-108.16606642534674
189,887.8378378378379,126.57148466975121,887.8378378378379,-108.57148466975121
190,892.2972972972973,126.93115083240383,892.2972972972973,-108.93115083240383
191,896.7567567567568,127.25962855139589,896.7567567567568,-109.25962855139589
192,901.2162162162163,127.57149359294448,901.2162162162163,-109.57149359294448
193,905.6756756756757,127.88250578769164,905.6756756756757,-109.88250578769164
194,910.1351351351352,128.21058601861205,910.1351351351352,-110.21058601861205
195,914.5945945945946,128.5738851538797,914.5945945945946,-110.57388515387969
196,919.0540540540541,128.99055406166872,919.0540540540541,-110.9905540616687
197,923.5135135135135,129.47874361015315,923.5135135135135,-111.47874361015315
198,927.972972972973,130.05660466750706,927.972972972973,-112.05660466750706
199,932.4324324324325,130.74228810190448,932.4324324324325,-112.74228810190449
200,936.8918918918919,131.5539447815196,936.8918918918919,-113.55394478151958
201,941.3513513513514,132.50972557452633,941.3513513513514,-114.50972557452633
202,945.8108108108108,133.62772731916817,945.8108108108108,-115.62772731916816
203,950.2702702702703,134.91142500371308,950.2702702702703,-116.91142500371306
204,954.7297297297298,136.32995759551673,954.7297297297298,-118.32995759551673
205,959.1891891891893,137.84754058450645,959.1891891891893,-119.84754058450645
206,963.6486486486486,139.4283894606096,963.6486486486486,-121.4283894606096
207,968.1081081081081,141.03671971375366,968.1081081081081,-123.03671971375366
208,972.5675675675676,142.63674683386589,972.5675675675676,-124.63674683386589
209,977.0270270270271,144.19268631087377,977.0270270270271,-126.19268631087377
210,981.4864864864866,145.66875363470461,981.4864864864866,-127.66875363470461
211,985.9459459459459,147.0291642952859,985.9459459459459,-129.0291642952859
212,990.4054054054054,148.2381413385246,990.4054054054054,-130.2381413385246
213,994.8648648648649,149.27293431925168,994.8648648648649,-131.27293431925168
214,999.3243243243244,150.15054480125923,999.3243243243244,-132.15054480125923
215,1003.7837837837839,150.89553032799358,1003.7837837837839,-132.89553032799358
216,1008.2432432432433,151.53244844290106,1008.2432432432433,-133.53244844290106
217,1012.7027027027027,152.08585668942797,1012.7027027027027,-134.08585668942797
218,1017.1621621621622,152.5803126110206,1017.1621621621622,-134.5803126110206
219,1021.6216216216217,153.04037375112532,1021.6216216216217,-135.04037375112532
220,1026.0810810810813,153.49059765318847,1026.0810810810813,-135.49059765318847
221,1030.5405405405406,153.9555418606563,1030.5405405405406,-135.9555418606563
222,1035.0,154.45976391697516,1035.0,-136.45976391697516
223,1039.4594594594596,155.02149533572415,1039.4594594594596,-137.02149533572415
224,1043.918918918919,155.6336635110129,1043.918918918919,-137.6336635110129
225,1048.3783783783783,156.28286980708404,1048.3783783783783,-138.28286980708404
226,1052.837837837838,156.95571558818003,1052.837837837838,-138.95571558818003
227,1057.2972972972973,157.63880221854322,1057.2972972972973,-139.63880221854322
228,1061.7567567567567,158.31873106241625,1061.7567567567567,-140.31873106241625
229,1066.2162162162163,158.98210348404157,1066.2162162162163,-140.98210348404157
230,1070.6756756756756,159.6155208476616,1070.6756756756756,-141.6155208476616
231,1075.1351351351352,160.20558451751884,1075.1351351351352,-142.20558451751884
232,1079.5945945945946,160.73889585785582,1079.5945945945946,-142.73889585785582
233,1084.0540540540542,161.20736998640123,1084.0540540540542,-143.20736998640123
234,1088.5135135135135,161.6308776779751,1088.5135135135135,-143.6308776779751
235,1092.972972972973,162.03845061840752,1092.972972972973,-144.03845061840752
236,1097.4324324324325,162.45912580728242,1097.4324324324325,-144.45912580728242
237,1101.8918918918919,162.92194024418347,1101.8918918918919,-144.92194024418347
238,1106.3513513513515,163.4559309286945,1106.3513513513515,-145.4559309286945
239,1110.8108108108108,164.09013486039908,1110.8108108108108,-146.09013486039908
240,1115.2702702702704,164.85358903888115,1115.2702702702704,-146.85358903888115
241,1119.7297297297298,165.77533046372423,1119.7297297297298,-147.77533046372423
242,1124.1891891891892,166.88439613451231,1124.1891891891892,-148.88439613451231
243,1128.6486486486488,168.2033498364864,1128.6486486486488,-150.2033498364864
244,1133.1081081081081,169.70961156652314,1133.1081081081081,-151.70961156652314
245,1137.5675675675677,171.36137702924708,1137.5675675675677,-153.36137702924708
246,1142.027027027027,173.1167708926372,1142.027027027027,-155.1167708926372
247,1146.4864864864865,174.93391782467214,1146.4864864864865,-156.93391782467214
248,1150.945945945946,176.77094249333103,1150.945945945946,-158.77094249333103
249,1155.4054054054054,178.58596956659252,1155.4054054054054,-160.58596956659252
250,1159.864864864865,180.33712371243556,1159.864864864865,-162.33712371243556
251,1164.3243243243244,181.98252959883897,1164.3243243243244,-163.98252959883897
252,1168.7837837837837,183.4803118937815,1168.7837837837837,-165.4803118937815
253,1173.2432432432433,184.7925018078215,1173.2432432432433,-166.7925018078215
254,1177.7027027027027,185.9178383178229,1177.7027027027027,-167.9178383178229
255,1182.1621621621623,186.87517299096018,1182.1621621621623,-168.87517299096018
256,1186.6216216216217,187.68356340348902,1186.6216216216217,-169.68356340348902
257,1191.081081081081,188.36206713166513,1191.081081081081,-170.36206713166513
258,1195.5405405405406,188.92974175174425,1195.5405405405406,-170.92974175174425
259,1200.0,189.40564483998224,1200.0,-171.40564483998224
260,1204.4594594594596,189.80883397263463,1204.4594594594596,-171.80883397263463
261,1208.918918918919,190.15836672595725,1208.918918918919,-172.15836672595725
262,1213.3783783783783,190.47330067620584,1213.3783783783783,-172.47330067620584
263,1217.837837837838,190.77291331187547,1217.837837837838,-172.77291331187547
264,1222.2972972972973,191.0793416217172,1222.2972972972973,-173.0793416217172
265,1226.7567567567569,191.4167223212306,1226.7567567567569,-173.4167223212306
266,1231.2162162162163,191.8092331591025,1231.2162162162163,-173.8092331591025
267,1235.6756756756756,192.28105188402003,1235.6756756756756,-174.28105188402003
268,1240.1351351351352,192.85635624467022,1240.1351351351352,-174.85635624467022
269,1244.5945945945946,193.55932398973997,1244.5945945945946,-175.55932398973997
270,1249.0540540540542,194.41413286791638,1249.0540540540542,-176.41413286791638
271,1253.5135135135135,195.44496062788642,1253.5135135135135,-177.44496062788642
272,1257.972972972973,196.6759850183371,1257.972972972973,-178.6759850183371
273,1262.4324324324325,198.12943986853253,1262.4324324324325,-180.12943986853253
274,1266.8918918918919,199.79111951818135,1266.8918918918919,-181.79111951818135
275,1271.3513513513515,201.6144556484499,1271.3513513513515,-183.6144556484499
276,1275.8108108108108,203.55175498713425,1275.8108108108108,-185.55175498713425
277,1280.2702702702704,205.55532426203087,1280.2702702702704,-187.55532426203087
278,1284.7297297297298,207.57747020093572,1284.7297297297298,-189.57747020093572
279,1289.1891891891892,209.57049953164534,1289.1891891891892,-191.57049953164534
280,1293.6486486486488,211.48671898195602,1293.6486486486488,-193.48671898195602
281,1298.1081081081081,213.2784352796637,1298.1081081081081,-195.2784352796637
282,1302.5675675675677,214.89795515256506,1302.5675675675677,-196.89795515256506
283,1307.027027027027,216.2988451180695,1307.027027027027,-198.2988451180695
284,1311.4864864864865,217.4709133211886,1311.4864864864865,-199.4709133211886
285,1315.945945945946,218.4447750120946,1315.945945945946,-200.4447750120946
286,1320.4054054054054,219.25322235741183,1320.4054054054054,-201.25322235741183
287,1324.864864864865,219.92904752376472,1324.864864864865,-201.92904752376472
288,1329.3243243243244,220.50504267777782,1329.3243243243244,-202.50504267777782
289,1333.7837837837837,221.0139999860755,1333.7837837837837,-203.0139999860755
290,1338.2432432432433,221.48871161528214,1338.2432432432433,-203.48871161528214
291,1342.7027027027027,221.96196973202223,1342.7027027027027,-203.96196973202223
292,1347.1621621621623,222.4665665029202,1347.1621621621623,-204.4665665029202
293,1351.6216216216217,223.0348890683147,1351.6216216216217,-205.0348890683147
294,1356.081081081081,223.67958586565132,1356.081081081081,-205.67958586565132
295,1360.5405405405406,224.38508006308973,1360.5405405405406,-206.38508006308973
296,1365.0,225.13362414103926,1365.0,-207.13362414103926
297,1369.4594594594596,225.90747057990953,1369.4594594594596,-207.90747057990953
298,1373.918918918919,226.68887186011003,1373.918918918919,-208.68887186011003
299,1378.3783783783783,227.46008046205017,1378.3783783783783,-209.46008046205017
300,1382.837837837838,228.20334886613955,1382.837837837838,-210.20334886613955
301,1387.2972972972973,228.9009295527877,1387.2972972972973,-210.9009295527877
302,1391.7567567567569,229.5350750024041,1391.7567567567569,-211.5350750024041
303,1396.2162162162163,230.08822684223588,1396.2162162162163,-212.08822684223588
304,1400.6756756756758,230.56129303524042,1400.6756756756758,-212.56129303524042
305,1405.1351351351352,230.9888847086774,1405.1351351351352,-212.9888847086774
306,1409.5945945945946,231.40919977428433,1409.5945945945946,-213.40919977428433
307,1414.0540540540542,231.8604361437988,1414.0540540540542,-213.8604361437988
308,1418.5135135135135,232.38079172895843,1418.5135135135135,-214.38079172895843
309,1422.9729729729731,233.0084644415007,1422.9729729729731,-215.0084644415007
310,1427.4324324324325,233.78165219316313,1427.4324324324325,-215.78165219316313
311,1431.8918918918919,234.7385528956833,1431.8918918918919,-216.7385528956833
312,1436.3513513513515,235.9173644607988,1436.3513513513515,-217.9173644607988
313,1440.8108108108108,237.35618907011616,1440.8108108108108,-219.35618907011616
314,1445.2702702702704,239.0672219385409,1445.2702702702704,-221.0672219385409
315,1449.7297297297298,241.00182178273025,1449.7297297297298,-223.00182178273025
316,1454.1891891891892,243.10262391115415,1454.1891891891892,-225.10262391115415
317,1458.6486486486488,245.31226363228288,1458.6486486486488,-227.31226363228288
318,1463.1081081081081,247.57337625458626,1463.1081081081081,-229.57337625458626
319,1467.5675675675677,249.82859708653464,1467.5675675675677,-231.82859708653464
320,1472.027027027027,252.0205614365978,1472.027027027027,-234.0205614365978
321,1476.4864864864865,254.09190461324602,1476.4864864864865,-236.09190461324602
322,1480.945945945946,255.98526192494933,1480.945945945946,-237.98526192494933
323,1485.4054054054054,257.643280653706,1485.4054054054054,-239.64328065370597
324,1489.864864864865,259.0292504442057,1489.864864864865,-241.0292504442057
325,1494.3243243243244,260.16945367322563,1494.3243243243244,-242.16945367322563
326,1498.7837837837837,261.10214624578634,1498.7837837837837,-243.10214624578634
327,1503.2432432432433,261.86558406690824,1503.2432432432433,-243.86558406690824
328,1507.7027027027027,262.4980230416119,1507.7027027027027,-244.4980230416119
329,1512.1621621621623,263.0377190749177,1512.1621621621623,-245.03771907491767
330,1516.6216216216217,263.5229280718462,1516.6216216216217,-245.52292807184617
331,1521.081081081081,263.99190593741764,1521.081081081081,-245.99190593741764
332,1525.5405405405406,264.48290857665273,1525.5405405405406,-246.48290857665273
333,1530.0,265.0341918945719,1530.0,-247.0341918945719
334,1534.4594594594596,265.6742469095223,1534.4594594594596,-247.6742469095223
335,1538.918918918919,266.392505093157,1538.918918918919,-248.392505093157
336,1543.3783783783783,267.16863303045625,1543.3783783783783,-249.16863303045625
337,1547.837837837838,267.98229730639986,1547.837837837838,-249.98229730639986
338,1552.2972972972973,268.81316450596773,1552.2972972972973,-250.81316450596773
339,1556.7567567567569,269.6409012141398,1556.7567567567569,-251.64090121413977
340,1561.2162162162163,270.44517401589593,1561.2162162162163,-252.44517401589593
341,1565.6756756756758,271.20564949621627,1565.6756756756758,-253.20564949621627
342,1570.1351351351352,271.9019942400806,1570.1351351351352,-253.90199424008063
343,1574.5945945945946,272.51387483246896,1574.5945945945946,-254.51387483246896
344,1579.0540540540542,273.02889815013185,1579.0540540540542,-255.02889815013185
345,1583.5135135135135,273.47644494482455,1583.5135135135135,-255.47644494482455
346,1587.9729729729731,273.89958503131544,1587.9729729729731,-255.89958503131544
347,1592.4324324324325,274.3413961646641,1592.4324324324325,-256.3413961646641
348,1596.8918918918919,274.84495609993036,1596.8918918918919,-256.84495609993036
349,1601.3513513513515,275.45334259217395,1601.3513513513515,-257.45334259217395
350,1605.8108108108108,276.20963339645465,1605.8108108108108,-258.20963339645465
351,1610.2702702702704,277.15690626783237,1610.2702702702704,-259.15690626783237
352,1614.7297297297298,278.33823896136676,1614.7297297297298,-260.33823896136676
353,1619.1891891891892,279.7967092321176,1619.1891891891892,-261.7967092321176
354,1623.6486486486488,281.56556296752836,1623.6486486486488,-263.56556296752836
355,1628.1081081081081,283.6094792306778,1628.1081081081081,-265.6094792306778
356,1632.5675675675677,285.8639381911062,1632.5675675675677,-267.8639381911062
357,1637.027027027027,288.26431212405896,1637.027027027027,-270.26431212405896
358,1641.4864864864865,290.7459733047816,1641.4864864864865,-272.7459733047816
359,1645.945945945946,293.24429400851983,1645.945945945946,-275.24429400851983
360,1650.4054054054054,295.6946465105189,1650.4054054054054,-277.6946465105189
361,1654.864864864865,298.0324030860244,1654.864864864865,-280.0324030860244
362,1659.3243243243244,300.1929360102817,1659.3243243243244,-282.1929360102817
363,1663.7837837837837,302.1116175585364,1663.7837837837837,-284.1116175585364
364,1668.2432432432433,303.7307262946224,1668.2432432432433,-285.7307262946224
365,1672.7027027027027,305.05743561518267,1672.7027027027027,-287.05743561518267
366,1677.1621621621623,306.13447551201426,1677.1621621621623,-288.13447551201426
367,1681.6216216216217,307.0049401757263,1681.6216216216217,-289.0049401757263
368,1686.0810810810813,307.71192379692826,1686.0810810810813,-289.71192379692826
369,1690.5405405405406,308.2985205662293,1690.5405405405406,-290.2985205662293
370,1695.0,308.8078246742387,1695.0,-290.8078246742387
371,1699.4594594594596,309.28293031156574,1699.4594594594596,-291.28293031156574
372,1703.918918918919,309.76693166881967,1703.918918918919,-291.76693166881967
373,1708.3783783783786,310.30292293660983,1708.3783783783786,-292.30292293660983
374,1712.837837837838,310.9311698588506,1712.837837837838,-292.9311698588506
375,1717.2972972972973,311.6551601262237,1717.2972972972973,-293.6551601262237
376,1721.7567567567569,312.4526615307485,1721.7567567567569,-294.4526615307485
377,1726.2162162162163,313.3009141076272,1726.2162162162163,-295.3009141076272
378,1730.6756756756758,314.17715789206153,1730.6756756756758,-296.17715789206153
379,1735.1351351351352,315.05863291925317,1735.1351351351352,-297.05863291925317
380,1739.5945945945946,315.9225792244042,1739.5945945945946,-297.9225792244042
381,1744.0540540540542,316.7462368427165,1744.0540540540542,-298.7462368427165
382,1748.5135135135135,317.5068458093918,1748.5135135135135,-299.5068458093918
383,1752.9729729729731,318.1816461596321,1752.9729729729731,-300.1816461596321
384,1757.4324324324325,318.7497903274383,1757.4324324324325,-300.7497903274383
385,1761.8918918918919,319.2262793705984,1761.8918918918919,-301.2262793705984
386,1766.3513513513515,319.6579522454276,1766.3513513513515,-301.6579522454276
387,1770.8108108108108,320.09275462050897,1770.8108108108108,-302.09275462050897
388,1775.2702702702704,320.5786321644261,1775.2702702702704,-302.5786321644261
389,1779.7297297297298,321.16353054576206,1779.7297297297298,-303.16353054576206
390,1784.1891891891892,321.8953954331,1784.1891891891892,-303.8953954331
391,1788.6486486486488,322.82217249502344,1788.6486486486488,-304.82217249502344
392,1793.1081081081081,323.9918074001156,1793.1081081081081,-305.9918074001156
393,1797.5675675675677,325.4522458169596,1797.5675675675677,-307.4522458169596
394,1802.027027027027,327.249557053614,1802.027027027027,-309.249557053614
395,1806.4864864864865,329.37583127856294,1806.4864864864865,-311.37583127856294
396,1810.945945945946,331.7623795901743,1810.945945945946,-313.7623795901743
397,1815.4054054054054,334.337270735829,1815.4054054054054,-316.337270735829
398,1819.864864864865,337.0285734629084,1819.864864864865,-319.0285734629084
399,1824.3243243243244,339.7643565187935,1824.3243243243244,-321.7643565187935
400,1828.7837837837837,342.47268865086556,1828.7837837837837,-324.47268865086556
401,1833.2432432432433,345.08163860650603,1833.2432432432433,-327.08163860650603
402,1837.7027027027027,347.51927513309556,1837.7027027027027,-329.51927513309556
403,1842.1621621621623,349.71366697801557,1842.1621621621623,-331.71366697801557
404,1846.6216216216217,351.59384373625056,1846.6216216216217,-333.59384373625056
405,1851.0810810810813,353.13566131019974,1851.0810810810813,-335.13566131019974
406,1855.5405405405406,354.38193466961434,1855.5405405405406,-336.38193466961434
407,1860.0,355.3806283268692,1860.0,-337.3806283268692
408,1864.4594594594596,356.1797067943393,1864.4594594594596,-338.1797067943393
409,1868.918918918919,356.8271345843995,1868.918918918919,-338.8271345843995
410,1873.3783783783786,357.3708762094247,1873.3783783783786,-339.3708762094247
411,1877.837837837838,357.8588961817899,1877.837837837838,-339.8588961817899
412,1882.2972972972973,358.3391590138698,1882.2972972972973,-340.3391590138698
413,1886.7567567567569,358.85962921803946,1886.7567567567569,-340.85962921803946
414,1891.2162162162163,359.46802393198186,1891.2162162162163,-341.46802393198186
415,1895.6756756756758,360.18790919382803,1895.6756756756758,-342.18790919382803
416,1900.1351351351352,360.9987725364189,1900.1351351351352,-342.9987725364189
417,1904.5945945945946,361.8754105354752,1904.5945945945946,-343.8754105354752
418,1909.0540540540542,362.79261976671705,1909.0540540540542,-344.79261976671705
419,1913.5135135135135,363.7251968058647,1913.5135135135135,-345.7251968058647
420,1917.9729729729731,364.6479382286386,1917.9729729729731,-346.6479382286386
421,1922.4324324324325,365.53564061075883,1922.4324324324325,-347.53564061075883
422,1926.8918918918919,366.3631005279459,1926.8918918918919,-348.3631005279459
423,1931.3513513513515,367.1051145559202,1931.3513513513515,-349.1051145559202
424,1935.8108108108108,367.7365574598424,1935.8108108108108,-349.7365574598424
425,1940.2702702702704,368.2534640222208,1940.2702702702704,-350.2534640222208
426,1944.7297297297298,368.70155841502947,1944.7297297297298,-350.70155841502947
427,1949.1891891891892,369.1336898230125,1949.1891891891892,-351.1336898230125
428,1953.6486486486488,369.6027074309136,1953.6486486486488,-351.6027074309136
429,1958.1081081081081,370.1614604234768,1958.1081081081081,-352.1614604234768
430,1962.5675675675677,370.8627979854458,1962.5675675675677,-352.8627979854458
431,1967.027027027027,371.7595693015645,1967.027027027027,-353.7595693015645
432,1971.4864864864867,372.9046235565769,1971.4864864864867,-354.9046235565769
433,1975.945945945946,374.3508099352266,1975.945945945946,-356.3508099352266
434,1980.4054054054054,376.1509610766243,1980.4054054054054,-358.1509610766243
435,1984.864864864865,378.32938494797355,1984.864864864865,-360.32938494797355
436,1989.3243243243244,380.82334293938766,1989.3243243243244,-362.82334293938766
437,1993.783783783784,383.5535508076241,1993.783783783784,-365.5535508076241
438,1998.2432432432433,386.4407243094393,1998.2432432432433,-368.4407243094393
439,2002.7027027027027,389.40557920159057,2002.7027027027027,-371.40557920159057
440,2007.1621621621623,392.3688312408348,2007.1621621621623,-374.3688312408348
441,2011.6216216216217,395.2511961839289,2011.6216216216217,-377.2511961839289
442,2016.0810810810813,397.97338978762997,2016.0810810810813,-379.97338978762997
443,2020.5405405405406,400.45612780869453,2020.5405405405406,-382.45612780869453
444,2025.0,402.62012600387993,2025.0,-384.62012600387993
445,2029.4594594594596,404.4081217375612,2029.4594594594596,-386.4081217375612
446,2033.918918918919,405.85093880458635,2033.918918918919,-387.85093880458635
447,2038.3783783783786,407.001422607422,2038.3783783783786,-389.001422607422
448,2042.837837837838,407.9124185485343,2042.837837837838,-389.9124185485343
449,2047.2972972972973,408.63677203038935,2047.2972972972973,-390.63677203038935
450,2051.7567567567567,409.22732845545374,2051.7567567567567,-391.22732845545374
451,2056.2162162162163,409.73693322619386,2056.2162162162163,-391.73693322619386
452,2060.675675675676,410.21843174507586,2060.675675675676,-392.21843174507586
453,2065.135135135135,410.724669414566,2065.135135135135,-392.724669414566
454,2069.5945945945946,411.3084916371309,2069.5945945945946,-393.3084916371309
455,2074.054054054054,412.01267501298514,2074.054054054054,-394.01267501298514
456,2078.5135135135133,412.82702417369956,2078.5135135135133,-394.82702417369956
457,2082.9729729729734,413.7239851357637,2082.9729729729734,-395.7239851357637
458,2087.4324324324325,414.6759938468641,2087.4324324324325,-396.6759938468641
459,2091.8918918918916,415.6554862546884,2091.8918918918916,-397.6554862546884
460,2096.3513513513512,416.63489830692345,2096.3513513513512,-398.63489830692345
461,2100.810810810811,417.58666595125624,2100.810810810811,-399.58666595125624
462,2105.2702702702704,418.483225135374,2105.2702702702704,-400.483225135374
463,2109.72972972973,419.2970118069637,2109.72972972973,-401.2970118069637
464,2114.189189189189,420.00046191371234,2114.189189189189,-402.00046191371234
465,2118.6486486486488,420.57376831193255,2118.6486486486488,-402.57376831193255
466,2123.1081081081084,421.05122004922856,2123.1081081081084,-403.05122004922856
467,2127.5675675675675,421.4901428085598,2127.5675675675675,-403.4901428085598
468,2132.027027027027,421.947947396712,2132.027027027027,-403.947947396712
469,2136.4864864864867,422.48204462047016,2136.4864864864867,-404.48204462047016
470,2140.945945945946,423.14984528661984,2140.945945945946,-405.14984528661984
471,2145.4054054054054,424.0087602019464,2145.4054054054054,-406.0087602019464
472,2149.864864864865,425.1162001732353,2149.864864864865,-407.1162001732353
473,2154.3243243243246,426.5295760072719,2154.3243243243246,-408.5295760072719
474,2158.7837837837837,428.3062985108413,2158.7837837837837,-410.3062985108413
475,2163.2432432432433,430.4946308174358,2163.2432432432433,-412.4946308174358
476,2167.702702702703,433.0568800913767,2167.702702702703,-415.0568800913767
477,2172.162162162162,435.9082572727626,2172.162162162162,-417.9082572727626
478,2176.6216216216217,438.9634909048599,2176.6216216216217,-420.9634909048599
479,2181.0810810810813,442.1373095309333,2181.0810810810813,-424.1373095309333
480,2185.540540540541,445.3444416942484,2185.540540540541,-427.3444416942484
481,2190.0,448.49961593807024,2190.0,-430.49961593807024
482,2194.4594594594596,451.51756080566463,2194.4594594594596,-433.51756080566463
483,2198.918918918919,454.31300484029674,2198.918918918919,-436.31300484029674
484,2203.3783783783783,456.8006765852317,2203.3783783783783,-438.8006765852317
485,2207.837837837838,458.90121945989205,2207.837837837838,-440.90121945989205
486,2212.2972972972975,460.61218751827226,2212.2972972972975,-442.61218751827226
487,2216.7567567567567,461.9849205249572,2216.7567567567567,-443.9849205249572
488,2221.2162162162163,463.07186189489425,2221.2162162162163,-445.07186189489425
489,2225.675675675676,463.92545504302973,2225.675675675676,-445.92545504302973
490,2230.1351351351354,464.5981433843103,2230.1351351351354,-446.5981433843103
491,2234.5945945945946,465.14237033368283,2234.5945945945946,-447.14237033368283
492,2239.054054054054,465.6105793060939,2239.054054054054,-447.6105793060939
493,2243.5135135135138,466.05521371649047,2243.5135135135138,-448.05521371649047
494,2247.972972972973,466.5287169798188,2247.972972972973,-448.5287169798188
495,2252.4324324324325,467.0818414649616,2252.4324324324325,-449.0818414649616
496,2256.891891891892,467.7336402560074,2256.891891891892,-449.7336402560074
497,2261.3513513513512,468.47501365163725,2261.3513513513512,-450.47501365163725
498,2265.810810810811,469.2958833359113,2265.810810810811,-451.2958833359113
499,2270.2702702702704,470.1861709928898,2270.2702702702704,-452.1861709928898
500,2274.72972972973,471.135798306633,2274.72972972973,-453.135798306633
501,2279.189189189189,472.13468696120094,2279.189189189189,-454.13468696120094
502,2283.6486486486488,473.1727586406541,2283.6486486486488,-455.1727586406541
503,2288.1081081081084,474.2399350290527,2288.1081081081084,-456.2399350290527
504,2292.5675675675675,475.32613781045666,2292.5675675675675,-457.32613781045666
505,2297.027027027027,476.4212565527977,2297.027027027027,-458.4212565527977
506,2301.4864864864867,477.51425690720845,2301.4864864864867,-459.51425690720845
507,2305.945945945946,478.593064219172,2305.945945945946,-460.593064219172
508,2310.4054054054054,479.6455483375013,2310.4054054054054,-461.6455483375013
509,2314.864864864865,480.65957911100816,2314.864864864865,-462.65957911100816
510,2319.3243243243246,481.6230263885052,2319.3243243243246,-463.6230263885052
511,2323.7837837837837,482.5237600188048,2323.7837837837837,-464.5237600188048
512,2328.2432432432433,483.34964985071935,2328.2432432432433,-465.34964985071935
513,2332.702702702703,484.08856573306116,2332.702702702703,-466.08856573306116
514,2337.162162162162,484.72837751464255,2337.162162162162,-466.72837751464255
515,2341.6216216216217,485.2575218687939,2341.6216216216217,-467.2575218687939
516,2346.0810810810813,485.69205930746153,2346.0810810810813,-467.69205930746153
517,2350.540540540541,486.0875509261849,2350.540540540541,-468.0875509261849
518,2355.0,486.5025956456543,2355.0,-468.5025956456543
519,2359.4594594594596,486.99579238655986,2359.4594594594596,-468.99579238655986
520,2363.918918918919,487.625740069592,2363.918918918919,-469.625740069592
521,2368.3783783783783,488.451037615441,2368.3783783783783,-470.451037615441
522,2372.837837837838,489.53028394479696,2372.837837837838,-471.53028394479696
523,2377.2972972972975,490.92207797835056,2377.2972972972975,-472.92207797835056
524,2381.7567567567567,492.68501863679137,2381.7567567567567,-474.68501863679137
525,2386.2162162162163,494.87719202454025,2386.2162162162163,-476.87719202454025
526,2390.675675675676,497.5066181835073,2390.675675675676,-479.5066181835073
527,2395.1351351351354,500.48994089356324,2395.1351351351354,-482.48994089356324
528,2399.5945945945946,503.73407941864355,2399.5945945945946,-485.73407941864355
529,2404.054054054054,507.1459530226841,2404.054054054054,-489.1459530226841
530,2408.5135135135138,510.63248096962064,2408.5135135135138,-492.63248096962064
531,2412.972972972973,514.1005825233881,2412.972972972973,-496.1005825233881
532,2417.4324324324325,517.457176947923,2417.4324324324325,-499.457176947923
533,2421.891891891892,520.6091835071607,2421.891891891892,-502.60918350716065
534,2426.3513513513512,523.4635214650366,2426.3513513513512,-505.4635214650366
535,2430.810810810811,525.9272611773769,2430.810810810811,-507.92726117737686
536,2435.2702702702704,527.9483622428608,2435.2702702702704,-509.94836224286075
537,2439.72972972973,529.5708031565478,2439.72972972973,-511.57080315654775
538,2444.189189189189,530.8523306620147,2444.189189189189,-512.8523306620147
539,2448.6486486486488,531.8506915028389,2448.6486486486488,-513.8506915028389
540,2453.1081081081084,532.6236324225971,2453.1081081081084,-514.6236324225971
541,2457.5675675675675,533.2289001648661,2457.5675675675675,-515.2289001648661
542,2462.027027027027,533.7242414732232,2462.027027027027,-515.7242414732232
543,2466.4864864864867,534.1674030912451,2466.4864864864867,-516.1674030912451
544,2470.945945945946,534.6161317625085,2470.945945945946,-516.6161317625085
545,2475.4054054054054,535.1281656079391,2475.4054054054054,-517.1281656079391
546,2479.864864864865,535.7463772967449,2479.864864864865,-517.7463772967449
547,2484.3243243243246,536.4682757269713,2484.3243243243246,-518.4682757269713
548,2488.7837837837837,537.2827471448559,2488.7837837837837,-519.2827471448559
549,2493.2432432432433,538.1786777966371,2493.2432432432433,-520.1786777966371
550,2497.702702702703,539.1449539285519,2497.702702702703,-521.1449539285519
551,2502.162162162162,540.1704617868385,2502.162162162162,-522.1704617868385
552,2506.6216216216217,541.2440876177344,2506.6216216216217,-523.2440876177344
553,2511.0810810810813,542.3547176674775,2511.0810810810813,-524.3547176674775
554,2515.540540540541,543.4912381823053,2515.540540540541,-525.4912381823053
555,2520.0,544.6425354084557,2520.0,-526.6425354084557
556,2524.4594594594596,545.797132596372,2524.4594594594596,-527.797132596372
557,2528.918918918919,546.9421010133209,2528.918918918919,-528.9421010133209
558,2533.3783783783783,548.0641489307742,2533.3783783783783,-530.0641489307742
559,2537.837837837838,549.1499846202043,2537.837837837838,-531.1499846202043
560,2542.2972972972975,550.1863163530834,2542.2972972972975,-532.1863163530834
561,2546.7567567567567,551.1598524008834,2546.7567567567567,-533.1598524008834
562,2551.2162162162163,552.0573010350769,2551.2162162162163,-534.0573010350769
563,2555.675675675676,552.8653705271357,2555.675675675676,-534.8653705271357
564,2560.1351351351354,553.570769148532,2560.1351351351354,-535.570769148532
565,2564.5945945945946,554.1602051707381,2564.5945945945946,-536.1602051707381
566,2569.054054054054,554.6301004134858,2569.054054054054,-536.6301004134858
567,2573.5135135135138,555.0279796739007,2573.5135135135138,-537.0279796739007
568,2577.972972972973,555.4181139063083,2577.972972972973,-537.4181139063083
569,2582.4324324324325,555.8647837785823,2582.4324324324325,-537.8647837785823
570,2586.891891891892,556.432269958596,2586.891891891892,-538.432269958596
571,2591.3513513513512,557.1848531142232,2591.3513513513512,-539.1848531142232
572,2595.810810810811,558.1868139133373,2595.810810810811,-540.1868139133373
573,2600.2702702702704,559.5024330238124,2600.2702702702704,-541.5024330238124
574,2604.72972972973,561.1959911135219,2604.72972972973,-543.1959911135219
575,2609.189189189189,563.3317688503391,2609.189189189189,-545.3317688503391
576,2613.6486486486488,565.9588534095349,2613.6486486486488,-547.9588534095349
577,2618.1081081081084,569.0203735076784,2618.1081081081084,-551.0203735076784
578,2622.5675675675675,572.4143358977087,2622.5675675675675,-554.4143358977087
579,2627.027027027027,576.0385806001376,2627.027027027027,-558.0385806001376
580,2631.4864864864867,579.7909476354755,2631.4864864864867,-561.7909476354755
581,2635.9459459459463,583.5692770242332,2635.9459459459463,-565.5692770242332
582,2640.4054054054054,587.271408786921,2640.4054054054054,-569.271408786921
583,2644.864864864865,590.7951829440507,2644.864864864865,-572.7951829440507
584,2649.3243243243246,594.0384395161326,2649.3243243243246,-576.0384395161326
585,2653.7837837837837,596.8990185236771,2653.7837837837837,-578.8990185236771
586,2658.2432432432433,599.2853755888434,2658.2432432432433,-581.2853755888434
587,2662.702702702703,601.205715668804,2662.702702702703,-583.205715668804
588,2667.162162162162,602.7228974823396,2667.162162162162,-584.7228974823396
589,2671.6216216216217,603.9003395553495,2671.6216216216217,-585.9003395553495
590,2676.0810810810813,604.8014604137327,2676.0810810810813,-586.8014604137327
591,2680.540540540541,605.4896785833882,2680.540540540541,-587.4896785833882
592,2685.0,606.0284125902156,2685.0,-588.0284125902156
593,2689.4594594594596,606.4810809601128,2689.4594594594596,-588.4810809601128
594,2693.918918918919,606.91110221898,2693.918918918919,-588.91110221898
595,2698.3783783783783,607.3818948927156,2698.3783783783783,-589.3818948927156
596,2702.837837837838,607.9536277738068,2702.837837837838,-589.9536277738068
597,2707.2972972972975,608.6442136459408,2707.2972972972975,-590.6442136459408
598,2711.7567567567567,609.4420145099683,2711.7567567567567,-591.4420145099683
599,2716.2162162162163,610.3347860024895,2716.2162162162163,-592.3347860024895
600,2720.675675675676,611.3102837601037,2720.675675675676,-593.3102837601037
601,2725.1351351351354,612.3562634194104,2725.1351351351354,-594.3562634194104
602,2729.5945945945946,613.4604806170092,2729.5945945945946,-595.4604806170092
603,2734.054054054054,614.6106909894997,2734.054054054054,-596.6106909894997
604,2738.5135135135138,615.7946501734816,2738.5135135135138,-597.7946501734816
605,2742.972972972973,617.0001138055538,2742.972972972973,-599.0001138055538
606,2747.4324324324325,618.2147781072002,2747.4324324324325,-600.2147781072002
607,2751.891891891892,619.4252255415352,2751.891891891892,-601.4252255415352
608,2756.3513513513517,620.6170494200102,2756.3513513513517,-602.6170494200102
609,2760.810810810811,621.7758086703277,2760.810810810811,-603.7758086703277
610,2765.2702702702704,622.8870622201904,2765.2702702702704,-604.8870622201904
611,2769.72972972973,623.9363689973011,2769.72972972973,-605.9363689973011
612,2774.189189189189,624.9092879293623,2774.189189189189,-606.9092879293623
613,2778.6486486486488,625.791377944077,2778.6486486486488,-607.791377944077
614,2783.1081081081084,626.5681979691478,2783.1081081081084,-608.5681979691478
615,2787.5675675675675,627.2253069322774,2787.5675675675675,-609.2253069322774
616,2792.027027027027,627.7495856013402,2792.027027027027,-609.7495856013402
617,2796.4864864864867,628.1659414422691,2796.4864864864867,-610.1659414422691
618,2800.9459459459463,628.5420989678364,2800.9459459459463,-610.5420989678364
619,2805.4054054054054,628.9480668306323,2805.4054054054054,-610.9480668306323
620,2809.864864864865,629.453853683246,2809.864864864865,-611.453853683246
621,2814.3243243243246,630.1294681782671,2814.3243243243246,-612.1294681782671
622,2818.7837837837837,631.0449189682852,2818.7837837837837,-613.0449189682852
623,2823.2432432432433,632.27021470589,2823.2432432432433,-614.27021470589
624,2827.702702702703,633.8753640436707,2827.702702702703,-615.8753640436707
625,2832.162162162162,635.9303756342172,2832.162162162162,-617.9303756342172
626,2836.6216216216217,638.503804951673,2836.6216216216217,-620.503804951673
627,2841.0810810810813,641.593387726861,2841.0810810810813,-623.593387726861
628,2845.540540540541,645.0955913176598,2845.540540540541,-627.0955913176598
629,2850.0,648.8990949537143,2850.0,-630.8990949537143
630,2854.4594594594596,652.892577864671,2854.4594594594596,-634.892577864671
631,2858.918918918919,656.9647192801752,2858.918918918919,-638.9647192801752
632,2863.3783783783783,661.004198429872,2863.3783783783783,-643.004198429872
633,2867.837837837838,664.8996945434075,2867.837837837838,-646.8996945434075
634,2872.2972972972975,668.5398868504274,2872.2972972972975,-650.5398868504274
635,2876.7567567567567,671.8134545805763,2876.7567567567567,-653.8134545805763
636,2881.2162162162163,674.6096870843052,2881.2162162162163,-656.6096870843052
637,2885.675675675676,676.8774395802482,2885.675675675676,-658.8774395802482
638,2890.1351351351354,678.6742817755949,2890.1351351351354,-660.6742817755949
639,2894.5945945945946,680.0693530757555,2894.5945945945946,-662.0693530757555
640,2899.054054054054,681.1317928861413,2899.054054054054,-663.1317928861413
641,2903.5135135135138,681.9307406121623,2903.5135135135138,-663.9307406121623
642,2907.972972972973,682.5353356592293,2907.972972972973,-664.5353356592293
643,2912.4324324324325,683.0147174327528,2912.4324324324325,-665.0147174327528
644,2916.891891891892,683.4380253381436,2916.891891891892,-665.4380253381436
645,2921.3513513513517,683.8743987808122,2921.3513513513517,-665.8743987808122
646,2925.810810810811,684.3928945075157,2925.810810810811,-666.3928945075157
647,2930.2702702702704,685.0401997668718,2930.2702702702704,-667.0401997668718
648,2934.72972972973,685.8104722331159,2934.72972972973,-667.8104722331159
649,2939.189189189189,686.6903373106712,2939.189189189189,-668.6903373106712
650,2943.6486486486488,687.6664204039611,2943.6486486486488,-669.6664204039611
651,2948.1081081081084,688.7253469174085,2948.1081081081084,-670.7253469174085
652,2952.5675675675675,689.8537422554363,2952.5675675675675,-671.8537422554363
653,2957.027027027027,691.038231822468,2957.027027027027,-673.038231822468
654,2961.4864864864867,692.265441022927,2961.4864864864867,-674.265441022927
655,2965.9459459459463,693.5219952612359,2965.9459459459463,-675.5219952612359
656,2970.4054054054054,694.7945196580181,2970.4054054054054,-676.7945196580181
657,2974.864864864865,696.0691500625398,2974.864864864865,-678.0691500625398
658,2979.3243243243246,697.3305292517886,2979.3243243243246,-679.3305292517886
659,2983.7837837837837,698.5630162026613,2983.7837837837837,-680.5630162026613
660,2988.2432432432433,699.750969892055,2988.2432432432433,-681.750969892055
661,2992.702702702703,700.8787492968661,2992.702702702703,-682.8787492968661
662,2997.162162162162,701.9307133939916,2997.162162162162,-683.9307133939916
663,3001.6216216216217,702.8912211603282,3001.6216216216217,-684.8912211603282
664,3006.0810810810813,703.7446315727728,3006.0810810810813,-685.7446315727728
665,3010.540540540541,704.4753036082221,3010.540540540541,-686.4753036082221
666,3015.0,705.0675962435728,3015.0,-687.0675962435728
667,3019.4594594594596,705.5211317409039,3019.4594594594596,-687.5211317409039
668,3023.918918918919,705.8965855030231,3023.918918918919,-687.8965855030231
669,3028.3783783783783,706.2698962179198,3028.3783783783783,-688.2698962179198
670,3032.837837837838,706.7170025735841,3032.837837837838,-688.7170025735841
671,3037.2972972972975,707.3138432580052,3037.2972972972975,-689.3138432580052
672,3041.7567567567567,708.1363569591733,3041.7567567567567,-690.1363569591733
673,3046.2162162162163,709.260482365078,3046.2162162162163,-691.260482365078
674,3050.675675675676,710.762158163709,3050.675675675676,-692.762158163709
675,3055.1351351351354,712.7173230430558,3055.1351351351354,-694.7173230430558
676,3059.5945945945946,715.201915691108,3059.5945945945946,-697.201915691108
677,3064.054054054054,718.2671996736216,3064.054054054054,-700.2671996736216
678,3068.5135135135138,721.8346227382781,3068.5135135135138,-703.8346227382781
679,3072.972972972973,725.783092722027,3072.972972972973,-707.783092722027
680,3077.4324324324325,729.9914927866968,3077.4324324324325,-711.9914927866968
681,3081.891891891892,734.3387060941146,3081.891891891892,-716.3387060941146
682,3086.3513513513517,738.703615806108,3086.3513513513517,-720.703615806108
683,3090.810810810811,742.9651050845049,3090.810810810811,-724.9651050845049
684,3095.2702702702704,747.0020570911333,3095.2702702702704,-729.0020570911333
685,3099.72972972973,750.6933549878203,3099.72972972973,-732.6933549878203
686,3104.189189189189,753.9178819363937,3104.189189189189,-735.9178819363937
687,3108.6486486486488,756.5726020482725,3108.6486486486488,-738.5726020482725
688,3113.1081081081084,758.6805748364093,3113.1081081081084,-740.6805748364093
689,3117.5675675675675,760.3185570097298,3117.5675675675675,-742.3185570097298
690,3122.027027027027,761.5635036963595,3122.027027027027,-743.5635036963595
691,3126.4864864864867,762.4923700244237,3126.4864864864867,-744.4923700244237
692,3130.9459459459463,763.1821111220476,3130.9459459459463,-745.1821111220476
693,3135.4054054054054,763.7096821173569,3135.4054054054054,-745.7096821173569
694,3139.864864864865,764.152038138477,3139.864864864865,-746.152038138477
695,3144.3243243243246,764.5861343135333,3144.3243243243246,-746.5861343135333
696,3148.7837837837837,765.0889257706511,3148.7837837837837,-747.0889257706511
697,3153.2432432432433,765.7310152632803,3153.2432432432433,-747.7310152632803
698,3157.702702702703,766.5233155554852,3157.702702702703,-748.5233155554852
699,3162.162162162162,767.4440346073357,3162.162162162162,-749.4440346073357
700,3166.6216216216217,768.471045390393,3166.6216216216217,-750.471045390393
701,3171.0810810810813,769.582220876219,3171.0810810810813,-751.582220876219
702,3175.540540540541,770.7554340363748,3175.540540540541,-752.7554340363748
703,3180.0,771.9685578424218,3180.0,-753.9685578424218
704,3184.4594594594596,773.1994652659217,3184.4594594594596,-755.1994652659217
705,3188.918918918919,774.426029278436,3188.918918918919,-756.426029278436
706,3193.3783783783783,775.6261228515257,3193.3783783783783,-757.6261228515257
707,3197.837837837838,776.7790655188394,3197.837837837838,-758.7790655188394
708,3202.2972972972975,777.8829863385357,3202.2972972972975,-759.8829863385357
709,3206.756756756757,778.9491683837844,3206.756756756757,-760.9491683837844
710,3211.2162162162163,779.9891646402136,3211.2162162162163,-761.9891646402136
711,3215.675675675676,781.0145280934526,3215.675675675676,-763.0145280934526
712,3220.1351351351354,782.0368117291296,3220.1351351351354,-764.0368117291296
713,3224.5945945945946,783.067568532874,3224.5945945945946,-765.067568532874
714,3229.054054054054,784.1183514903145,3229.054054054054,-766.1183514903145
715,3233.5135135135138,785.2007135870795,3233.5135135135138,-767.2007135870795
716,3237.972972972973,786.326207808798,3237.972972972973,-768.326207808798
717,3242.4324324324325,787.505423230964,3242.4324324324325,-769.505423230964
718,3246.891891891892,788.7308800765911,3246.891891891892,-770.7308800765911
719,3251.3513513513517,789.9790512499685,3251.3513513513517,-771.9790512499685
720,3255.810810810811,791.2258518370186,3255.810810810811,-773.2258518370186
721,3260.2702702702704,792.4471969236655,3260.2702702702704,-774.4471969236655
722,3264.72972972973,793.6190015958323,3264.72972972973,-775.6190015958323
723,3269.189189189189,794.7171809394428,3269.189189189189,-776.7171809394428
724,3273.6486486486488,795.7176500404199,3273.6486486486488,-777.7176500404199
725,3278.1081081081084,796.5963239846877,3278.1081081081084,-778.5963239846877
726,3282.5675675675675,797.3291178581691,3282.5675675675675,-779.3291178581691
727,3287.027027027027,797.8936508474757,3287.027027027027,-779.8936508474757
728,3291.4864864864867,798.3165657078109,3291.4864864864867,-780.3165657078109
729,3295.9459459459463,798.6797044238633,3295.9459459459463,-780.6797044238633
730,3300.4054054054054,799.0678536663106,3300.4054054054054,-781.0678536663106
731,3304.864864864865,799.5658001058301,3304.864864864865,-781.5658001058301
732,3309.3243243243246,800.2583304130994,3309.3243243243246,-782.2583304130994
733,3313.7837837837837,801.2302312587958,3313.7837837837837,-783.2302312587958
734,3318.2432432432433,802.5662893135969,3318.2432432432433,-784.5662893135969
735,3322.702702702703,804.3512912481804,3322.702702702703,-786.3512912481804
736,3327.1621621621625,806.6700237332233,3327.1621621621625,-788.6700237332233
737,3331.6216216216217,809.6055298451389,3331.6216216216217,-791.6055298451389
738,3336.0810810810813,813.1558796836161,3336.0810810810813,-795.1558796836161
739,3340.540540540541,817.1976366230498,3340.540540540541,-799.1976366230498
740,3345.0,821.5980194623235,3345.0,-803.5980194623235
741,3349.4594594594596,826.2242470003223,3349.4594594594596,-808.2242470003223
742,3353.918918918919,830.9435380359306,3353.918918918919,-812.9435380359306
743,3358.3783783783783,835.6231113680325,3358.3783783783783,-817.6231113680325
744,3362.837837837838,840.1301857955127,3362.837837837838,-822.1301857955127
745,3367.2972972972975,844.3319801172561,3367.2972972972975,-826.3319801172561
746,3371.756756756757,848.0957131321462,3371.756756756757,-830.0957131321462
747,3376.2162162162163,851.2893372594533,3376.2162162162163,-833.2893372594533
748,3380.675675675676,853.8524280049983,3380.675675675676,-835.8524280049983
749,3385.1351351351354,855.8552811588933,3385.1351351351354,-837.8552811588933
750,3389.5945945945946,857.382104127454,3389.5945945945946,-839.382104127454
751,3394.054054054054,858.5171043169968,3394.054054054054,-840.5171043169968
752,3398.5135135135138,859.3444891338378,3398.5135135135138,-841.3444891338378
753,3402.972972972973,859.9484659842929,3402.972972972973,-841.9484659842929
754,3407.4324324324325,860.413242274678,3407.4324324324325,-842.413242274678
755,3411.891891891892,860.82302541131,3411.891891891892,-842.82302541131
756,3416.3513513513517,861.2620228005045,3416.3513513513517,-843.2620228005045
757,3420.810810810811,861.8143332528646,3420.810810810811,-843.8143332528646
758,3425.2702702702704,862.5346668641597,3425.2702702702704,-844.5346668641597
759,3429.72972972973,863.4087211545401,3429.72972972973,-845.4087211545401
760,3434.189189189189,864.4122978598074,3434.189189189189,-846.4122978598074
761,3438.6486486486488,865.5211987157641,3438.6486486486488,-847.5211987157641
762,3443.1081081081084,866.7112254582121,3443.1081081081084,-848.7112254582121
763,3447.5675675675675,867.9581798229531,3447.5675675675675,-849.9581798229531
764,3452.027027027027,869.2378635457898,3452.027027027027,-851.2378635457898
765,3456.4864864864867,870.5260783625239,3456.4864864864867,-852.5260783625239
766,3460.9459459459463,871.7986260089572,3460.9459459459463,-853.7986260089572
767,3465.4054054054054,873.031312826942,3465.4054054054054,-855.031312826942
768,3469.864864864865,874.2078859883949,3469.864864864865,-856.2078859883949
769,3474.3243243243246,875.3363250938701,3474.3243243243246,-857.3363250938701
770,3478.7837837837837,876.4292157938431,3478.7837837837837,-858.4292157938431
771,3483.2432432432433,877.4991437387899,3483.2432432432433,-859.4991437387899
772,3487.702702702703,878.5586945791867,3487.702702702703,-860.5586945791867
773,3492.1621621621625,879.6204539655087,3492.1621621621625,-861.6204539655087
774,3496.6216216216217,880.6970075482315,3496.6216216216217,-862.6970075482315
775,3501.0810810810813,881.8009409778311,3501.0810810810813,-863.8009409778311
776,3505.540540540541,882.9448399047837,3505.540540540541,-864.9448399047837
777,3510.0,884.1412899795642,3510.0,-866.1412899795642
778,3514.4594594594596,885.3964218546188,3514.4594594594596,-867.3964218546188
779,3518.918918918919,886.6905461902727,3518.918918918919,-868.6905461902727
780,3523.3783783783783,887.9975186488203,3523.3783783783783,-869.9975186488203
781,3527.837837837838,889.291194892557,3527.837837837838,-871.291194892557
782,3532.2972972972975,890.5454305837771,3532.2972972972975,-872.5454305837771
783,3536.756756756757,891.7340813847765,3536.756756756757,-873.7340813847765
784,3541.2162162162163,892.8310029578496,3541.2162162162163,-874.8310029578496
785,3545.675675675676,893.8100509652915,3545.675675675676,-875.8100509652915
786,3550.1351351351354,894.6450810693966,3550.1351351351354,-876.6450810693966
787,3554.5945945945946,895.3099489324603,3554.5945945945946,-877.3099489324603
788,3559.054054054054,895.7933031090953,3559.054054054054,-877.7933031090953
789,3563.5135135135138,896.161617560398,3563.5135135135138,-878.161617560398
790,3567.972972972973,896.5068691938204,3567.972972972973,-878.5068691938204
791,3572.4324324324325,896.9210497097072,3572.4324324324325,-878.9210497097072
792,3576.891891891892,897.496150808403,3576.891891891892,-879.496150808403
793,3581.3513513513517,898.3241641902517,3581.3513513513517,-880.3241641902517
794,3585.810810810811,899.4970815555981,3585.810810810811,-881.4970815555981
795,3590.2702702702704,901.1068946047867,3590.2702702702704,-883.1068946047867
796,3594.72972972973,903.2455950381624,3594.72972972973,-885.2455950381624
797,3599.189189189189,906.0051745560687,3599.189189189189,-888.0051745560687
798,3603.6486486486488,909.4560732058995,3603.6486486486488,-891.4560732058995
799,3608.1081081081084,913.5184311672759,3608.1081081081084,-895.5184311672759
800,3612.5675675675675,918.0483840537829,3612.5675675675675,-900.0483840537829
801,3617.027027027027,922.9018309725278,3617.027027027027,-904.9018309725278
802,3621.4864864864867,927.9346710306163,3621.4864864864867,-909.9346710306163
803,3625.9459459459463,933.0028033351539,3625.9459459459463,-915.0028033351539
804,3630.4054054054054,937.9621269932468,3630.4054054054054,-919.9621269932468
805,3634.864864864865,942.6685411120014,3634.864864864865,-924.6685411120014
806,3639.3243243243246,946.977944798524,3639.3243243243246,-928.977944798524
807,3643.7837837837837,950.7462371599199,3643.7837837837837,-932.7462371599199
808,3648.2432432432433,953.8444164070229,3648.2432432432433,-935.8444164070229
809,3652.702702702703,956.2853592429108,3652.702702702703,-938.2853592429108
810,3657.1621621621625,958.1596791625058,3657.1621621621625,-940.1596791625058
811,3661.6216216216217,959.5587859025269,3661.6216216216217,-941.5587859025269
812,3666.0810810810813,960.5740891996949,3666.0810810810813,-942.5740891996949
813,3670.540540540541,961.2969987907292,3670.540540540541,-943.2969987907292
814,3675.0,961.8189244123497,3675.0,-943.8189244123497
815,3679.4594594594596,962.2312758012764,3679.4594594594596,-944.2312758012764
816,3683.918918918919,962.6254626942293,3683.918918918919,-944.6254626942293
817,3688.3783783783783,963.0928948279281,3688.3783783783783,-945.0928948279281
818,3692.837837837838,963.7199281125396,3692.837837837838,-945.7199281125396
819,3697.2972972972975,964.5272039788553,3697.2972972972975,-946.5272039788553
820,3701.756756756757,965.4894079246651,3701.756756756757,-947.4894079246651
821,3706.2162162162163,966.5802824597167,3706.2162162162163,-948.5802824597167
822,3710.675675675676,967.7735700937568,3710.675675675676,-949.7735700937568
823,3715.1351351351354,969.0430133365321,3715.1351351351354,-951.0430133365321
824,3719.5945945945946,970.3623546977888,3719.5945945945946,-952.3623546977888
825,3724.054054054054,971.7053366872742,3724.054054054054,-953.7053366872742
826,3728.5135135135138,973.045701814735,3728.5135135135138,-955.045701814735
827,3732.972972972973,974.3571925899173,3732.972972972973,-956.3571925899173
828,3737.4324324324325,975.6146301083862,3737.4324324324325,-957.6146301083862
829,3741.891891891892,976.8130539563401,3741.891891891892,-958.8130539563401
830,3746.3513513513517,977.9654601764641,3746.3513513513517,-959.9654601764641
831,3750.810810810811,979.0854689930518,3750.810810810811,-961.0854689930518
832,3755.2702702702704,980.1867006303963,3755.2702702702704,-962.1867006303963
833,3759.72972972973,981.2827753127914,3759.72972972973,-963.2827753127914
834,3764.189189189189,982.38731326453,3764.189189189189,-964.38731326453
835,3768.6486486486488,983.5139347099054,3768.6486486486488,-965.5139347099054
836,3773.1081081081084,984.6762598732107,3773.1081081081084,-966.6762598732107
837,3777.567567567568,985.8879089787401,3777.567567567568,-967.8879089787401
838,3782.027027027027,987.1618472978806,3782.027027027027,-969.1618472978806
839,3786.4864864864867,988.4921984168413,3786.4864864864867,-970.4921984168413
840,3790.9459459459463,989.8518706873228,3790.9459459459463,-971.8518706873228
841,3795.4054054054054,991.2126407024045,3795.4054054054054,-973.2126407024045
842,3799.864864864865,992.5462850551669,3799.864864864865,-974.5462850551669
843,3804.3243243243246,993.8245803386906,3804.3243243243246,-975.8245803386906
844,3808.7837837837837,995.0193031460547,3808.7837837837837,-977.0193031460547
845,3813.2432432432433,996.1022300703398,3813.2432432432433,-978.1022300703398
846,3817.702702702703,997.0451377046257,3817.702702702703,-979.0451377046257
847,3822.1621621621625,997.8198026419932,3822.1621621621625,-979.8198026419932
848,3826.6216216216217,998.3990232380887,3826.6216216216217,-980.3990232380887
849,3831.0810810810813,998.8053928086576,3831.0810810810813,-980.8053928086576
850,3835.540540540541,999.1327087483293,3835.540540540541,-981.1327087483293
851,3840.0,999.4802444604898,3840.0,-981.4802444604898
852,3844.4594594594596,999.9472733485259,3844.4594594594596,-981.9472733485259
853,3848.918918918919,1000.6330688158235,3848.918918918919,-982.6330688158235
854,3853.3783783783783,1001.6369042657692,3853.3783783783783,-983.6369042657692
855,3857.837837837838,1003.0580531017496,3857.837837837838,-985.0580531017496
856,3862.2972972972975,1004.9957887271511,3862.2972972972975,-986.9957887271511
857,3866.756756756757,1007.5493845453598,3866.756756756757,-989.5493845453598
858,3871.2162162162163,1010.8172524507045,3871.2162162162163,-992.8172524507045
859,3875.675675675676,1014.8136955273166,3875.675675675676,-996.8136955273166
860,3880.1351351351354,1019.3995087083917,3880.1351351351354,-1001.3995087083917
861,3884.5945945945946,1024.4191501627784,3884.5945945945946,-1006.4191501627785
862,3889.054054054054,1029.7170780593256,3889.054054054054,-1011.7170780593254
863,3893.5135135135138,1035.1377505668804,3893.5135135135138,-1017.1377505668804
864,3897.9729729729734,1040.5256258542918,3897.9729729729734,-1022.5256258542918
865,3902.4324324324325,1045.7251620904074,3902.4324324324325,-1027.7251620904074
866,3906.891891891892,1050.5808174440767,3906.891891891892,-1032.5808174440767
867,3911.3513513513517,1054.937050084147,3911.3513513513517,-1036.937050084147
868,3915.810810810811,1058.6385728562025,3915.810810810811,-1040.6385728562025
869,3920.2702702702704,1061.5990204975094,3920.2702702702704,-1043.5990204975094
870,3924.72972972973,1063.8938748110647,3924.72972972973,-1045.8938748110647
871,3929.189189189189,1065.6218250174343,3929.189189189189,-1047.6218250174343
872,3933.6486486486488,1066.8815603371834,3933.6486486486488,-1048.8815603371834
873,3938.1081081081084,1067.771769990878,3938.1081081081084,-1049.771769990878
874,3942.567567567568,1068.3911431990834,3942.567567567568,-1050.3911431990834
875,3947.027027027027,1068.8383691823658,3947.027027027027,-1050.8383691823658
876,3951.4864864864867,1069.2121371612905,3951.4864864864867,-1051.2121371612905
877,3955.9459459459463,1069.6111363564235,3955.9459459459463,-1051.6111363564235
878,3960.4054054054054,1070.1340400820006,3960.4054054054054,-1052.1340400820006
879,3964.864864864865,1070.8520991403927,3964.864864864865,-1052.8520991403927
880,3969.3243243243246,1071.7528811350585,3969.3243243243246,-1053.7528811350585
881,3973.7837837837837,1072.808047340068,3973.7837837837837,-1054.808047340068
882,3978.2432432432433,1073.9892590294908,3978.2432432432433,-1055.9892590294908
883,3982.702702702703,1075.268177477398,3982.702702702703,-1057.268177477398
884,3987.1621621621625,1076.6164639578594,3987.1621621621625,-1058.6164639578594
885,3991.6216216216217,1078.0057797449447,3991.6216216216217,-1060.0057797449447
886,3996.0810810810813,1079.407786112724,3996.0810810810813,-1061.407786112724
887,4000.540540540541,1080.7941443352681,4000.540540540541,-1062.7941443352681
888,4005.0,1082.1365156866466,4005.0,-1064.1365156866466
889,4009.4594594594596,1083.4137288424433,4009.4594594594596,-1065.4137288424433
890,4013.918918918919,1084.633282084299,4013.918918918919,-1066.633282084299
891,4018.3783783783783,1085.809841095367,4018.3783783783783,-1067.809841095367
892,4022.837837837838,1086.958071558801,4022.837837837838,-1068.958071558801
893,4027.2972972972975,1088.0926391577548,4027.2972972972975,-1070.0926391577548
894,4031.756756756757,1089.2282095753828,4031.756756756757,-1071.2282095753828
895,4036.2162162162163,1090.3794484948385,4036.2162162162163,-1072.3794484948385
896,4040.675675675676,1091.561021599276,4040.675675675676,-1073.561021599276
897,4045.1351351351354,1092.7875945718486,4045.1351351351354,-1074.7875945718486
898,4049.5945945945946,1094.0738330957108,4049.5945945945946,-1076.0738330957108
899,4054.054054054054,1095.4287692840385,4054.054054054054,-1077.4287692840385
900,4058.5135135135138,1096.8317970383575,4058.5135135135138,-1078.8317970383575
901,4062.9729729729734,1098.2525979855527,4062.9729729729734,-1080.2525979855527
902,4067.4324324324325,1099.6608481189373,4067.4324324324325,-1081.6608481189373
903,4071.891891891892,1101.0262234318272,4071.891891891892,-1083.0262234318272
904,4076.3513513513517,1102.3183999175355,4076.3513513513517,-1084.3183999175355
905,4080.810810810811,1103.5070535693776,4080.810810810811,-1085.5070535693776
906,4085.2702702702704,1104.5618603806681,4085.2702702702704,-1086.5618603806681
907,4089.72972972973,1105.4524963447207,4089.72972972973,-1087.4524963447207
908,4094.189189189189,1106.1486374548501,4094.189189189189,-1088.1486374548501
909,4098.648648648648,1106.6324615477654,4098.648648648648,-1088.6324615477654
910,4103.108108108108,1106.9733335271426,4103.108108108108,-1088.9733335271426
911,4107.567567567568,1107.2777465421284,4107.567567567568,-1089.2777465421284
912,4112.027027027027,1107.6523309363117,4112.027027027027,-1089.6523309363117
913,4116.486486486487,1108.203717053281,4116.486486486487,-1090.203717053281
914,4120.945945945947,1109.038535236624,4120.945945945947,-1091.038535236624
915,4125.405405405405,1110.263415829929,4125.405405405405,-1092.263415829929
916,4129.864864864865,1111.9849891767851,4129.864864864865,-1093.9849891767851
917,4134.324324324325,1114.3098856207803,4134.324324324325,-1096.3098856207803
918,4138.783783783783,1117.3447355055014,4138.783783783783,-1099.3447355055014
919,4143.243243243243,1121.1786205089657,4143.243243243243,-1103.1786205089657
920,4147.7027027027025,1125.7357265473254,4147.7027027027025,-1107.7357265473254
921,4152.1621621621625,1130.8498913288233,4152.1621621621625,-1112.8498913288233
922,4156.621621621622,1136.3540271437882,4156.621621621622,-1118.3540271437882
923,4161.081081081081,1142.0810462825511,4161.081081081081,-1124.0810462825511
924,4165.540540540541,1147.8638610354437,4165.540540540541,-1129.8638610354437
925,4170.0,1153.5353836927945,4170.0,-1135.5353836927945
926,4174.45945945946,1158.9285265449353,4174.45945945946,-1140.9285265449353
927,4178.918918918919,1163.876201882195,4178.918918918919,-1145.876201882195
928,4183.378378378378,1168.2113219949044,4183.378378378378,-1150.2113219949044
929,4187.837837837838,1171.7785268198622,4187.837837837838,-1153.7785268198622
930,4192.2972972972975,1174.5749498893158,4192.2972972972975,-1156.5749498893158
931,4196.756756756757,1176.7043676781677,4196.756756756757,-1158.7043676781677
932,4201.216216216217,1178.2727449102215,4201.216216216217,-1160.2727449102215
933,4205.675675675676,1179.3860463092806,4205.675675675676,-1161.3860463092806
934,4210.135135135135,1180.150236599149,4210.135135135135,-1162.150236599149
935,4214.594594594595,1180.6712805036304,4214.594594594595,-1162.6712805036304
936,4219.054054054054,1181.0551427465289,4219.054054054054,-1163.0551427465289
937,4223.513513513513,1181.4077880516481,4223.513513513513,-1163.4077880516481
938,4227.972972972973,1181.835181142792,4227.972972972973,-1163.835181142792
939,4232.4324324324325,1182.4396058777552,4232.4324324324325,-1164.4396058777552
940,4236.891891891892,1183.2543469177067,4236.891891891892,-1165.2543469177067
941,4241.351351351352,1184.2514093211812,4241.351351351352,-1166.2514093211812
942,4245.810810810811,1185.4006680159225,4245.810810810811,-1167.4006680159225
943,4250.270270270271,1186.671997929672,4250.270270270271,-1168.671997929672
944,4254.72972972973,1188.0352739901728,4254.72972972973,-1170.0352739901728
945,4259.189189189189,1189.4603711251673,4259.189189189189,-1171.4603711251673
946,4263.648648648649,1190.9171642623985,4263.648648648649,-1172.9171642623985
947,4268.108108108108,1192.375528329609,4268.108108108108,-1174.375528329609
948,4272.5675675675675,1193.805338254541,4272.5675675675675,-1175.805338254541
949,4277.0270270270275,1195.1771680107286,4277.0270270270275,-1177.1771680107286
950,4281.486486486487,1196.4817017210148,4281.486486486487,-1178.4817017210148
951,4285.945945945946,1197.7322669994985,4285.945945945946,-1179.7322669994985
952,4290.405405405406,1198.9433994114056,4290.405405405406,-1180.9433994114056
953,4294.864864864865,1200.1296345219616,4294.864864864865,-1182.1296345219616
954,4299.324324324324,1201.3055078963919,4299.324324324324,-1183.3055078963919
955,4303.783783783784,1202.485555099923,4303.783783783784,-1184.485555099923
956,4308.243243243243,1203.6843116977793,4308.243243243243,-1185.6843116977793
957,4312.7027027027025,1204.9163132551873,4312.7027027027025,-1186.9163132551873
958,4317.1621621621625,1206.1960953373723,4317.1621621621625,-1188.1960953373723
959,4321.621621621622,1207.5378524907462,4321.621621621622,-1189.5378524907462
960,4326.081081081082,1208.9391599229625,4326.081081081082,-1190.9391599229625
961,4330.540540540541,1210.3738280930813,4330.540540540541,-1192.3738280930813
962,4335.0,1211.8138398124581,4335.0,-1193.8138398124581
963,4339.45945945946,1213.2311778924472,4339.45945945946,-1195.2311778924472
964,4343.918918918919,1214.5978251444044,4343.918918918919,-1196.5978251444044
965,4348.378378378378,1215.885764379684,4348.378378378378,-1197.885764379684
966,4352.837837837838,1217.0669784096408,4352.837837837838,-1199.0669784096408
967,4357.2972972972975,1218.1134500456296,4357.2972972972975,-1200.1134500456296
968,4361.756756756757,1218.997162099006,4361.756756756757,-1200.997162099006
969,4366.216216216217,1219.6905218564818,4366.216216216217,-1201.6905218564818
970,4370.675675675676,1220.2073779767218,4370.675675675676,-1202.2073779767218
971,4375.135135135135,1220.637214338595,4375.135135135135,-1202.637214338595
972,4379.594594594595,1221.077564131457,4379.594594594595,-1203.077564131457
973,4384.054054054054,1221.6259605446621,4384.054054054054,-1203.6259605446621
974,4388.513513513513,1222.3799367675647,4388.513513513513,-1204.3799367675647
975,4392.972972972973,1223.4370259895204,4392.972972972973,-1205.4370259895204
976,4397.4324324324325,1224.8947613998837,4397.4324324324325,-1206.8947613998837
977,4401.891891891892,1226.8506761880092,4401.891891891892,-1208.8506761880092
978,4406.351351351352,1229.4023035432524,4406.351351351352,-1211.4023035432524
979,4410.810810810811,1232.646961704353,4410.810810810811,-1214.646961704353
980,4415.270270270271,1236.6237979000866,4415.270270270271,-1218.6237979000866
981,4419.72972972973,1241.235358243906,4419.72972972973,-1223.235358243906
982,4424.189189189189,1246.3646014745482,4424.189189189189,-1228.3646014745482
983,4428.648648648649,1251.8944863307506,4428.648648648649,-1233.8944863307506
984,4433.108108108108,1257.707971551247,4433.108108108108,-1239.707971551247
985,4437.5675675675675,1263.6880158747742,4437.5675675675675,-1245.6880158747742
986,4442.0270270270275,1269.7175780400698,4442.0270270270275,-1251.7175780400698
987,4446.486486486487,1275.6796167858677,4446.486486486487,-1257.6796167858677
988,4450.945945945946,1281.4570908509052,4450.945945945946,-1263.4570908509052
989,4455.405405405406,1286.9329589739184,4455.405405405406,-1268.9329589739184
990,4459.864864864865,1291.9901798936426,4459.864864864865,-1273.9901798936426
991,4464.324324324324,1296.5117123488146,4464.324324324324,-1278.5117123488146
992,4468.783783783784,1300.380515078171,4468.783783783784,-1282.380515078171
993,4473.243243243243,1303.4795468204463,4473.243243243243,-1285.4795468204463
994,4477.7027027027025,1305.6917663143777,4477.7027027027025,-1287.6917663143777
995,4482.1621621621625,1306.9001322987012,4482.1621621621625,-1288.9001322987012
996,4486.621621621622,1306.9876035121524,4486.621621621622,-1288.9876035121524
997,4491.081081081082,1305.8371386934678,4491.081081081082,-1287.8371386934678
998,4495.540540540541,1303.3316965813835,4495.540540540541,-1285.3316965813835
999,4500.0,1299.3542359146356,4500.0,-1281.3542359146356
